"","1.X","1.Y","2.X","2.Y","3.X","3.Y","4.X","4.Y","5.X","5.Y","6.X","6.Y","7.X","7.Y","8.X","8.Y","9.X","9.Y","10.X","10.Y","11.X","11.Y","12.X","12.Y","13.X","13.Y","14.X","14.Y","15.X","15.Y","16.X","16.Y","17.X","17.Y","18.X","18.Y","19.X","19.Y","20.X","20.Y","21.X","21.Y","22.X","22.Y","23.X","23.Y","24.X","24.Y","25.X","25.Y","26.X","26.Y","27.X","27.Y","28.X","28.Y","29.X","29.Y","30.X","30.Y","31.X","31.Y","32.X","32.Y","33.X","33.Y","34.X","34.Y","35.X","35.Y","36.X","36.Y","37.X","37.Y","38.X","38.Y","39.X","39.Y","40.X","40.Y","41.X","41.Y","42.X","42.Y","43.X","43.Y","44.X","44.Y","45.X","45.Y","46.X","46.Y","47.X","47.Y","48.X","48.Y","49.X","49.Y","50.X","50.Y","51.X","51.Y","52.X","52.Y","53.X","53.Y","54.X","54.Y","55.X","55.Y","56.X","56.Y","57.X","57.Y","58.X","58.Y","59.X","59.Y","60.X","60.Y","61.X","61.Y","62.X","62.Y","63.X","63.Y","64.X","64.Y","65.X","65.Y","66.X","66.Y","67.X","67.Y","68.X","68.Y","69.X","69.Y","70.X","70.Y","71.X","71.Y","72.X","72.Y","73.X","73.Y","74.X","74.Y","75.X","75.Y","76.X","76.Y","77.X","77.Y","78.X","78.Y","79.X","79.Y","80.X","80.Y","81.X","81.Y","82.X","82.Y","83.X","83.Y","84.X","84.Y","85.X","85.Y","86.X","86.Y","87.X","87.Y","88.X","88.Y","89.X","89.Y","90.X","90.Y"
"MathTeg01",0.10711938537876,0.0692409993557333,0.109639116955613,0.0616582679566681,0.109736480116671,0.0538506921074954,0.109003885828489,0.0459664898053416,0.108170395575854,0.0373096379963373,0.107603417379969,0.0283571997724766,0.106145392713507,0.0193594918371096,0.10493318328201,0.010288791450985,0.103165916399523,0.00167008575145841,0.101587816947487,-0.00619902644836084,0.099744276303795,-0.0139271010460989,0.098030985947915,-0.021121659790393,0.097940165362115,-0.0281835924889976,0.0954423577089964,-0.0346364294138953,0.0923379809265088,-0.0412442697041072,0.0884413799577318,-0.0473418320876486,0.0834185415620754,-0.0533993304306741,0.0782652581467693,-0.0600959266088072,0.0727674461285058,-0.0667126400610332,0.0671021208028453,-0.0734588798417813,0.0614944363309664,-0.0801711712328484,0.055652455254241,-0.0865753974811426,0.0489074106711574,-0.0920810661748493,0.0419940396380924,-0.0971938652104028,0.03498009747166,-0.10184254432023,0.0274968433989338,-0.105344630099356,0.019915453544687,-0.108232260188667,0.0129832435198508,-0.112085916665802,0.00568572621176576,-0.11470910635725,-0.00190762582304227,-0.115669210409415,-0.0096991342265961,-0.114405553961192,-0.0178120462850817,-0.113923657269943,-0.0260058375172514,-0.112360911983345,-0.0342415239854479,-0.11047243558992,-0.0425022894870628,-0.107374946130763,-0.0501857964075079,-0.102956679521235,-0.0569026790582653,-0.0966188939539019,-0.0649425338628658,-0.0912711765112745,-0.0724601144289274,-0.084990762771841,-0.0777764513683946,-0.0764827283933402,-0.0829545003243277,-0.066987655292105,-0.0868772217811064,-0.0563966267454694,-0.0898843796200304,-0.0453925427194922,-0.093106876714179,-0.0346832624593352,-0.0957458416253793,-0.0244885710714284,-0.0976350083250639,-0.0149654670274537,-0.09884249865361,-0.00559835251147468,-0.0990280835512861,0.0032493142868072,-0.100800014910557,0.0107616788016811,-0.105715716596088,0.0160619316248138,-0.111280706886907,0.0202987247666131,-0.112965945569088,0.0252784000580844,-0.109035438251962,0.0311160601551349,-0.104430727803956,0.0366011654038871,-0.102300050698653,0.0417878595925152,-0.101680131765001,0.0471106457078028,-0.101991126337926,0.0514111408234863,-0.100024805896,0.0563145664382105,-0.097458177421572,0.0599284534323326,-0.0947925924130719,0.0615207430950185,-0.0920151950505365,0.0632048187305997,-0.0891652037963871,0.0644555018960658,-0.0863789145230514,0.0664051275331069,-0.0852546189012578,0.0696633645685675,-0.0839861918286793,0.0743906364777218,-0.0830279105353497,0.0804844654495627,-0.0809435595066069,0.0884956148405719,-0.0771285445584207,0.0978853803233074,-0.0697873333846017,0.104973453485363,-0.0605862726353018,0.109088662882458,-0.0508025949864028,0.106706868899881,-0.0409439779855561,0.101536081588667,-0.0327899374596796,0.0984960439284093,-0.0269853396531616,0.096030314510094,-0.0212261878169073,0.0927806576239482,-0.0139324849296767,0.087869339463042,-0.00599435967781415,0.0807534565269417,0.00459879905924266,0.0726076213729782,0.0171584785040562,0.0630676401658135,0.0303338297993059,0.0536674305992733,0.0408674318446595,0.0465336467635237,0.0485326024434592,0.0423134881468815,0.0546719282871182,0.0426121867000435,0.0596797191089719,0.0440389070598221,0.0642482111297889,0.0479470810892674,0.0709837483134729,0.0532437497691913,0.0799474493964679,0.0582847769516534,0.087574726488851,0.0613058387992832,0.0969802752772148,0.0647904787830435,0.104344459154928,0.0688689190022374
"MathTeg02",0.113203706849162,0.0635598156459109,0.112321375520817,0.0569656546657666,0.111212373401077,0.0511955099887808,0.110370485491083,0.0455352759989618,0.109537485920458,0.039019489870646,0.108177970684617,0.0318163945884332,0.107047100238868,0.0239905833292882,0.105781322652431,0.0157364771108471,0.104111502120974,0.00759259809598746,0.101946546702732,-1.79942670594123e-05,0.100088976352951,-0.00783165636105322,0.0981022189268398,-0.0151020975836859,0.0953777340171651,-0.0219567859279564,0.0916445834228461,-0.0282764783345149,0.0867388255682559,-0.0341206117030934,0.0829041423161464,-0.0406655670377025,0.0780722540382071,-0.0471113692309404,0.0723068044178821,-0.0533304766930328,0.0673798303605182,-0.0604166393378627,0.0621363880400198,-0.0675306011155365,0.0561391176760089,-0.0738884514651504,0.0500480319364723,-0.080162636479754,0.0432677228349453,-0.0857654184282485,0.0361399299452422,-0.090777445802924,0.028916105402153,-0.0954292402213194,0.021758110725815,-0.0998574697931073,0.014192736339305,-0.103209465609599,0.00667411065377372,-0.106443890194027,-0.00124559542036388,-0.108449159747387,-0.00923026098751522,-0.110058046580868,-0.0169490729396407,-0.111865288127498,-0.0246706670713322,-0.112128100015314,-0.032311791100541,-0.111450902902327,-0.0396983825192107,-0.1105713481801,-0.0465560570924393,-0.107008561141219,-0.0532341285418383,-0.102287544255151,-0.0603925738885961,-0.097648186159334,-0.0677413692153625,-0.0927283520994278,-0.0748846627081096,-0.0872581062227689,-0.0808422616391404,-0.0806186592213835,-0.0861710306989019,-0.0729037101292962,-0.0919174829187258,-0.0652025037254421,-0.0964424546171456,-0.056874150972862,-0.0998866545717494,-0.0481952057014673,-0.102832712555761,-0.0397728662094117,-0.106027934759398,-0.0320361385682008,-0.107933216158117,-0.0238227846432979,-0.108865158175706,-0.0154448253184504,-0.109795034496401,-0.00733417011790232,-0.110861973362967,0.000187844853131178,-0.109830637301692,0.00797198496481187,-0.108948633237404,0.0155199030415398,-0.109038312742385,0.0230970252715298,-0.107134696518603,0.0294466583900324,-0.104708876967731,0.0337710656448316,-0.10170128845071,0.0372455765044236,-0.0996968299010125,0.0402045582950703,-0.0967157732017739,0.0433409884067596,-0.0930373927889335,0.0445939063263566,-0.0899482844894972,0.0447204876686071,-0.0869953830821934,0.0461835954728313,-0.0838808671644129,0.0475473209432845,-0.0806801978689572,0.050529975225473,-0.0772637425157164,0.0541655425833283,-0.0739291011639332,0.0601193405212194,-0.0690235121733249,0.066507068855686,-0.0650255411623814,0.0761793517335988,-0.0571952660957862,0.0857942562447487,-0.0445606647513196,0.0913312377817277,-0.0319750502452205,0.0979535673346025,-0.0212957787289442,0.101291624485945,-0.0119118690875568,0.0970374392967397,-0.00372566910948598,0.0952467979000164,0.00255338079090294,0.0938874674761746,0.00892331987971935,0.0927633740902236,0.0161944223706409,0.0911487745421278,0.0238905083950283,0.0880771137870664,0.0329317721120928,0.0838839369724311,0.0434130530550366,0.0791185166702608,0.0534960291324999,0.0732537765258162,0.0620076984320965,0.0700694470342835,0.0689973335240951,0.0707005557577091,0.07420279105765,0.0724287996106084,0.0789486322814198,0.072810125907289,0.0834931308641347,0.0748535984735324,0.0885177609700667,0.0773646297265647,0.0935374904312588,0.0736637122286501,0.0975669539578318,0.0685371748810073,0.104419908307247,0.064540941802601,0.110925685030273,0.0631945112919485
"MathTeg03",0.103342241208404,0.0640043773604885,0.105197388329722,0.056622306479007,0.107445450558518,0.0492149076806091,0.108683197728523,0.0421534409810226,0.108304856403448,0.0342798357236938,0.108029162481135,0.0259014898876724,0.107588133455772,0.0173402340839701,0.107026210444381,0.00871226119984656,0.105606967907196,0.000508639679059933,0.104602237213286,-0.00714333615101241,0.102277175005415,-0.0144837940119369,0.101199042393375,-0.021571441488609,0.0994926945667594,-0.02835487525505,0.0970050707848859,-0.0346994268673684,0.0930519871441013,-0.0403792014914736,0.0908718026474652,-0.0468051086139041,0.0862493555481681,-0.0523416469102754,0.0815928876303692,-0.0585768490035578,0.0763629984044096,-0.0646338147004994,0.0713367600508795,-0.0711341615596438,0.066056849564757,-0.0772477492646118,0.0612565615784889,-0.0835558243793686,0.0546359577020086,-0.0880194931556016,0.048058302646255,-0.0927063084519074,0.0416259099504226,-0.0974706989384223,0.0348503541321368,-0.10146711977004,0.0279078866468573,-0.104855141687819,0.0209954695348105,-0.107861909167073,0.0135774335848246,-0.108916120556087,0.00567546773989383,-0.107524103317912,-0.00274537784913808,-0.107092722378049,-0.0114228910051614,-0.106599957491063,-0.0202656994186586,-0.105676529347425,-0.0290412870599733,-0.104087729711311,-0.037676375233147,-0.100304014635783,-0.0460222414280178,-0.0951943669000758,-0.0545533595003746,-0.0897782827728888,-0.0629815626894268,-0.0837010004073045,-0.0704363482759125,-0.0760960319231756,-0.077071787478566,-0.0677245434864363,-0.0836177679933754,-0.0588213953220457,-0.0890722385412349,-0.0490359158006106,-0.0926771466160699,-0.0384739184923505,-0.0969239467605474,-0.0285181265027169,-0.101711811858965,-0.0196349072305988,-0.104378177969963,-0.0107449397694957,-0.106227842958725,-0.00179741419873305,-0.106130546374303,0.00705504936350399,-0.106861957830266,0.0151116393572461,-0.110713792084712,0.0217037180618669,-0.115183743619082,0.0278465403601853,-0.117872683025894,0.0334854113887023,-0.117923158152814,0.0390844821113432,-0.116285269493912,0.0438542258203934,-0.113289648866593,0.0470335872727624,-0.109398037792876,0.0498640128645621,-0.106423881833485,0.052165020077528,-0.102850557977648,0.0549752166904612,-0.099104214347627,0.0567353626931342,-0.0961599783654533,0.0577585894873772,-0.0932966435559237,0.059005531960072,-0.0907129127774851,0.0605418547431164,-0.0875277000915442,0.0620110184120494,-0.0843907569493734,0.0636872907272301,-0.0811775725179016,0.0670311781758541,-0.078586701046368,0.0717856271023538,-0.0739261979868342,0.0773791908135105,-0.0664229351446484,0.083786231156825,-0.0563150552802752,0.0886201365859938,-0.0442928485321744,0.0895251292160583,-0.0330826830881708,0.0857131749810317,-0.023490172593815,0.0818927091537072,-0.0179546244329643,0.0815044349659982,-0.0156677647973955,0.0862419574571809,-0.0108733700510843,0.09009220517955,-0.004341963046731,0.0933327688771953,0.00398520612805738,0.093945039826237,0.0144081133698259,0.0925041138869829,0.0255933139671215,0.0855095387738371,0.0375597457863372,0.076478479049627,0.0469592313520937,0.0680642254289937,0.0550617324986143,0.063609513633501,0.0616564770669493,0.0630036583015031,0.0671331830671249,0.0635071636386345,0.0728017210075164,0.0633848657036475,0.0795976769231451,0.0660298966632809,0.0876855807231324,0.0675104512853979,0.0937802158850555,0.0675518803565046,0.0999661053934146,0.0673258062676765,0.103274283095836,0.0660761791871695
"MathTeg04",0.110824595381482,0.0720346238842536,0.111271616771947,0.0642456108061461,0.111719249460965,0.0562925268688369,0.11100362766451,0.0484859357013644,0.110257879710369,0.0400392830124365,0.110383971165786,0.0313632244516681,0.110370946594635,0.0226249218726944,0.109307981863371,0.0139476403436316,0.107383645010018,0.0056753671155762,0.10522243954955,-0.00189919533264203,0.102254004271278,-0.00932348758337434,0.099310552788418,-0.0164746867245117,0.0961065714040004,-0.023345058662937,0.092767300462901,-0.0301068664300587,0.0896459684303176,-0.0371419743325669,0.0861903977654682,-0.0437832026958143,0.081754595222219,-0.0502854970217624,0.0761296999367718,-0.0563867386455886,0.0710097470003757,-0.0630117137214916,0.0655450318903981,-0.0695097200142125,0.0603475673399145,-0.0760034814183611,0.0546618727902904,-0.0818561858314662,0.0484394781251494,-0.0869612053471948,0.0410315944935596,-0.09014253246756,0.0337186034289288,-0.0937365816730755,0.0261781510124968,-0.0967448725043771,0.0181789727243086,-0.0982520224432065,0.0103372530879012,-0.100428088681096,0.00270866039068422,-0.103376519017266,-0.00550922361018887,-0.104006063943704,-0.01392574062527,-0.103940805534376,-0.0223946922204788,-0.102684386117738,-0.0310690745483994,-0.101977913413674,-0.0397024451090222,-0.101045523987412,-0.048484288771394,-0.0998606435545017,-0.0568067724427208,-0.0975349629705353,-0.0644655054873153,-0.0934652633051336,-0.0716092321000741,-0.0879920251728525,-0.0793881656596302,-0.083186507662506,-0.0859372796987012,-0.0770965193779408,-0.0923712441637447,-0.0706736921847542,-0.0972306914489824,-0.0627687167602996,-0.102206799266577,-0.0551086148722121,-0.105681590904884,-0.0470756407952726,-0.106070012129975,-0.0382405109510931,-0.107117405151911,-0.0296341616007071,-0.110382027648045,-0.02120995854937,-0.111257219493413,-0.0122229907132394,-0.110844544633964,-0.00340086037607934,-0.109551577929518,0.00467135427144735,-0.109224422695356,0.0126844416872033,-0.111097411302011,0.0198833586216211,-0.113161990273821,0.026585833189785,-0.112322818083826,0.0322145780152143,-0.108985880157513,0.0357859672021578,-0.108681100308948,0.0405244725129012,-0.108027180344082,0.0444356659664868,-0.105764621878216,0.0486044057006098,-0.102206123697426,0.0505610285554086,-0.0989151192625689,0.050737422469934,-0.0954646176543269,0.0509871616984321,-0.0921651222893139,0.0509798008904535,-0.0888123785341329,0.0521913375104263,-0.0861964428615938,0.0548696227047491,-0.0836011102096833,0.0595469928845588,-0.0797647138534121,0.0648606015396019,-0.0737367651207802,0.0718166190007523,-0.0638807728278414,0.0796219126338179,-0.0518107668888906,0.0872539583018737,-0.0402480985751029,0.0948807037905725,-0.0284920280695771,0.0949306492302926,-0.0173118290888135,0.0916641064632511,-0.00855301971097431,0.0897172934468697,-0.00197013054316626,0.0884865971032374,0.00461142451201031,0.0872710368202844,0.0120121162693794,0.0847265838225334,0.0198390237127008,0.0804904956877407,0.0296741435366373,0.0761060700999505,0.0405464385538412,0.0699758528902747,0.050922717850301,0.0624787366091897,0.0587259679544563,0.055920977667764,0.0647841973242707,0.0520699076344603,0.0696585904335011,0.0514275715509456,0.0738049927847803,0.0524212618049696,0.0781317255199415,0.0548476710949084,0.0844909385347497,0.0571171833450716,0.0914350363891642,0.0605187323992835,0.096006173773772,0.0644479791895387,0.102362844748661,0.0687863914539846,0.108400633111291,0.0721373554619217
"MathTeg05",0.108266168367157,0.0715564290433876,0.107962509593405,0.0653080933460212,0.10709371048372,0.0582716871957805,0.106703867744706,0.0509252878343321,0.105631387140356,0.0427426535474798,0.105843723897068,0.0341188482678794,0.106266170623297,0.0253603899720098,0.106305761217328,0.0166539624928761,0.104436759877815,0.00845546442779366,0.103155698839211,0.000718043325677948,0.100862877023477,-0.00683885274227218,0.0981578020086596,-0.01390092013887,0.0962338367347913,-0.0210450075314196,0.0929618661249817,-0.0276031261483586,0.0892701398881714,-0.0341709957076675,0.08696242584744,-0.0412052336517119,0.083663910063636,-0.0482048402163218,0.0788722061194204,-0.0547110966093881,0.073640480269709,-0.0610810806724499,0.068552978844565,-0.0677894561475133,0.0622971849154198,-0.0733830381726916,0.0556931079111768,-0.0787690614775801,0.0486938842056825,-0.0839187947282833,0.0414194592763654,-0.0885924149813866,0.0336173998240399,-0.0922449354308974,0.0253384160024913,-0.0949093614559938,0.0173187471240788,-0.0982262740430201,0.00958565698780211,-0.102123953000171,0.00141286382512837,-0.104963946328409,-0.00696431085058954,-0.106916280525032,-0.0155324876355703,-0.107283760979711,-0.024006833576042,-0.108129289666882,-0.0324003483665312,-0.107637234782119,-0.0406184503271783,-0.106065657431702,-0.0488567852810632,-0.103355142809417,-0.056707541328588,-0.0996404464475601,-0.0641477158377226,-0.0951030270659722,-0.0703213218526146,-0.088337696433429,-0.0775965274135341,-0.0822062846736276,-0.0842148396316185,-0.0754987734651729,-0.0897445390930327,-0.0674483889222246,-0.0939123939935729,-0.0581638894902256,-0.0979401591254284,-0.048817545268881,-0.103130626017995,-0.0403443363254656,-0.106006329913008,-0.0313439468494497,-0.108064780766026,-0.0226018480867918,-0.109762506777726,-0.0137529362203429,-0.111052405868572,-0.00511137081589421,-0.111534052509319,0.00306207926110982,-0.113640823507041,0.0101459731219921,-0.11661733598401,0.0167512546405007,-0.116060884912227,0.0236030348741445,-0.114992540590326,0.0306360805718715,-0.113832354646187,0.036463439355535,-0.111291482972789,0.0400917431651601,-0.107408605826614,0.0426847594925502,-0.104307112360602,0.0445810353435354,-0.100899626197265,0.0472967124341151,-0.0978594787447962,0.0496064368644712,-0.0957360751638738,0.0512531055534317,-0.0933602246144652,0.0526130829819937,-0.0913069106762481,0.0543331198349024,-0.0891981310766629,0.0570368700753556,-0.0869465406748324,0.060117615100735,-0.0832330897583259,0.0638001027593615,-0.0786628650644303,0.0675206789192931,-0.0718891208825695,0.0720336578566469,-0.063219336295381,0.0791827374835612,-0.0527010296667298,0.0863916508172913,-0.0394899630768651,0.0896147290709954,-0.026372031176699,0.0905582761582068,-0.0144625849168674,0.0912192514861951,-0.00562681476802322,0.091658194082972,0.000924182052906435,0.0910667346986899,0.00732736913052839,0.0891822805816899,0.015012559813518,0.0870212930528692,0.023669650881855,0.0845776648452272,0.0334099371178607,0.0800724088868281,0.0439909064553232,0.0735672311146184,0.0542850584812206,0.0665965055743648,0.0615075135198088,0.0607778067640634,0.0649010291461095,0.0557915343742543,0.0675924773902232,0.0546097061251958,0.0702199050522658,0.0569062684812731,0.0740679139556863,0.0601425856407868,0.0806281084883421,0.0635317977521647,0.0883486003965524,0.0676695042324292,0.093641625215597,0.0714281454438923,0.100204925448935,0.0743715871005944,0.10629500342213,0.0728010185034752
"MathTeg06",0.116408249163011,0.051365008328809,0.115450195996707,0.0452980645094383,0.116423892442665,0.0410918670348152,0.112871167414256,0.0409382103074927,0.108632362989226,0.0404547822612927,0.108518452847642,0.0360461110758187,0.108854655626525,0.0293756038848273,0.107531761296652,0.0215112396099501,0.105560949613692,0.0132484172616952,0.103864199411522,0.005262159496305,0.102116901247712,-0.00239149787184613,0.0975019899489752,-0.00768595007041713,0.0978621241202545,-0.0142733629483126,0.0974050900007262,-0.0210334863279876,0.0935855715663962,-0.0269824356927341,0.0890344784779674,-0.0329076949632236,0.0850650237230657,-0.0400084389368648,0.0814642967730294,-0.0478525074200485,0.0768331896329544,-0.0554161604362662,0.0716819240438871,-0.0630022910594826,0.0656698556997362,-0.0698741197429821,0.0590991626016323,-0.0763260623512538,0.0520170821967082,-0.0823900400155685,0.0442299878973873,-0.0873901384670342,0.0359084922969243,-0.0914206667982235,0.0274803381685059,-0.0951251527675161,0.0197188995435008,-0.0997521494080435,0.0115983687583011,-0.103054731363225,0.00262517211896019,-0.103782826444369,-0.00658632142474841,-0.104711726515101,-0.015736478520556,-0.10551042680387,-0.0245091002132786,-0.107294304351769,-0.0332607765456576,-0.106486279209552,-0.0418945142634957,-0.105685294060611,-0.0501647886021676,-0.102608323092216,-0.0578112506839705,-0.0978495878995797,-0.0662297631465876,-0.094526236424999,-0.0732348247235477,-0.0884997427639192,-0.0798766143374723,-0.0814315100979393,-0.0862639283819747,-0.0741527646467161,-0.0920328067892604,-0.066007710393304,-0.0976509848955128,-0.057802613305896,-0.100816831886083,-0.0485937865103077,-0.102103143009665,-0.0388915331899746,-0.102133606039504,-0.0292415350551012,-0.103228533954368,-0.0201040948746438,-0.103345829778653,-0.0108678696590998,-0.10432434033812,-0.00194100612674034,-0.104842037686729,0.00635751898430809,-0.105390375190262,0.01363512121417,-0.107297817323448,0.0203655750454721,-0.108655312222111,0.026248876404018,-0.107356182066387,0.031712286467253,-0.103991558395422,0.0358904717617447,-0.102700884367615,0.0398998770381352,-0.100946742206689,0.0433307945636984,-0.0994492891808802,0.0457229444998702,-0.0966633963553105,0.0475826317301424,-0.0937836354561886,0.048581341756847,-0.091940413077642,0.0494752336049189,-0.0910699606773987,0.0515473978395175,-0.0906285622377166,0.0542272688433564,-0.0895112821625255,0.058011547430006,-0.0893224390280218,0.0624571286578737,-0.0875327007498224,0.067183175961823,-0.0824719030000024,0.0694565147526045,-0.0757311009819612,0.0740790109047065,-0.0678359803902291,0.0825318409183083,-0.056116431496232,0.088754684942906,-0.0449053964583869,0.0967279367779288,-0.0347681508062707,0.101783314831325,-0.025073634836779,0.101395599571516,-0.017397711847954,0.100190696178124,-0.0114592813478561,0.0987965178143743,-0.0054189231954781,0.0970710026243583,0.00146615680304128,0.0941685197487364,0.00937748694268201,0.0908447674022266,0.0187396373246038,0.0859091048884434,0.0304461413937402,0.0809404020779391,0.0434497731932198,0.076958781470374,0.0544423254328348,0.0739794351453249,0.0624384646911551,0.0707898893457451,0.0677808558432447,0.0678646490209536,0.0722742494239891,0.0660773267324658,0.0771791271345053,0.0644666756759076,0.083789809239178,0.0617361479590577,0.0915046945836284,0.0572251665692299,0.0977402240092919,0.0534423757956305,0.106178618067649,0.0514984660483913,0.113811160832346,0.0514399995895811
"MathTeg07",0.10820912973367,0.0672757096277815,0.107880174554538,0.0592538894890955,0.107560886837928,0.0514944322988569,0.107282831343274,0.0438723950323577,0.106925835161221,0.035552069538868,0.10740212642389,0.026908864008917,0.107578447450668,0.018156171388988,0.107841586189509,0.00952094947142004,0.105468479149741,0.00155299981869129,0.10275207410079,-0.00590141221350058,0.0999342322096336,-0.0135230564694687,0.0969031930410781,-0.0207533234194457,0.0935171296199036,-0.02769018075363,0.0900813867998123,-0.0345826056912923,0.086664650453188,-0.0416777256278868,0.0829746913726744,-0.048432272300309,0.0786375083247099,-0.0552715940255397,0.0738711359685961,-0.0621845111959779,0.069346002728845,-0.0692264450244542,0.0636103306808683,-0.0754208554947883,0.0571379075361897,-0.0808837324056406,0.0507843276562275,-0.0864877235074883,0.0445264635076706,-0.0922106333524536,0.0377685616079349,-0.0969564714685073,0.0302446504338209,-0.100261494118163,0.022846052772675,-0.103823332529958,0.0157499972228573,-0.107718383417432,0.00841827572556792,-0.110782384532834,0.000557303605173786,-0.112402775059602,-0.00749857318299133,-0.113430358137832,-0.0155145171163077,-0.114177719791967,-0.023375528703304,-0.114852811727326,-0.0310650905088722,-0.114137727839317,-0.0384405066167796,-0.111414839977842,-0.0464302032434878,-0.109042806832215,-0.0542679615802293,-0.106295501467288,-0.0615029957828922,-0.10223642273846,-0.067833149744505,-0.0963054702857419,-0.0744258382363753,-0.0902293143082083,-0.0805456759710152,-0.0837875014492922,-0.0866529189866479,-0.077084353711457,-0.0917656290341249,-0.069634496859888,-0.0953393168367953,-0.0616150233965201,-0.0963365496405584,-0.0529026552571296,-0.0949361149835882,-0.043886854064027,-0.0958251520626982,-0.0348308352101499,-0.0981753301762128,-0.0253903863778885,-0.0999080173230588,-0.015665057797771,-0.102370928839891,-0.00640692562011249,-0.104705066667336,0.00211790981951825,-0.104322128068515,0.0111362337252161,-0.103240811536093,0.0198054657646719,-0.10303136538107,0.028441714479776,-0.102374470492482,0.0356478844683473,-0.101791203626148,0.0403160744891504,-0.10161995456832,0.0437863771425121,-0.100429178005397,0.0461761607072518,-0.0981812377298096,0.0490018547683261,-0.0955077683588423,0.0508354358306389,-0.0937958102478442,0.0523404391604958,-0.0917617373428426,0.0540247347278075,-0.0895064124695881,0.0557525583434259,-0.086651928772006,0.0584901785114009,-0.0835081335249213,0.0618695662083306,-0.0795617279590329,0.0669461044260655,-0.0746331163684642,0.0730235576038403,-0.0690155835240234,0.0820182209759994,-0.0597721746380602,0.0917868552465279,-0.0489399153386273,0.100556598821717,-0.0369155837670157,0.104261033477335,-0.0258866632121088,0.100703765520742,-0.0161183363339577,0.0962331721388456,-0.00841268839334408,0.0975223709586442,-0.00271436344788436,0.100937265383038,0.00257974072729665,0.103643116682748,0.00817742468461762,0.101425204829423,0.0141206864248128,0.0976150959235531,0.0164468093819056,0.0887983075549075,0.0217280437856022,0.0783108216626816,0.0309271632417096,0.0689687220334946,0.0394338358269413,0.0620686615602846,0.0481384510043011,0.0602747004786153,0.0547506732708273,0.059510778247826,0.0599358437875342,0.058721922322659,0.0653342121856436,0.060040244099692,0.0726133083105512,0.0626559738802866,0.0816478266147891,0.0642486293393328,0.0889095718662598,0.0649561508811047,0.0977965606378866,0.0659923295362343,0.105628063859159,0.0669132837046811
"MathTeg09",0.108891849243974,0.0658294343054389,0.109003881509867,0.0586582390691201,0.108629860769125,0.0518025110166894,0.108701015783489,0.0448863237774672,0.108607825867785,0.0372800808169562,0.108676377217226,0.0293501222884766,0.108796345918325,0.0212558626558546,0.108980169792297,0.0131431288724188,0.107328997262914,0.00543889917181767,0.106075583230985,-0.00183152594581187,0.103449547127389,-0.00884533056716599,0.100541097629698,-0.0155132937871989,0.0974910424284858,-0.0218924692377898,0.0926124901041575,-0.0271369118253918,0.0882919791752445,-0.0333308112341904,0.0846718215406586,-0.0399705824082597,0.0810208220507331,-0.0471379580107061,0.075912132417293,-0.0538140649561638,0.070299420284,-0.060307030192048,0.0648490128178789,-0.0672107474419101,0.0589765457091629,-0.0736537086316835,0.0527061961819247,-0.0797048134168469,0.046380735312776,-0.0857476795471749,0.0401625931230355,-0.0915984630615748,0.0335465493666805,-0.096518584862104,0.0259074193477561,-0.0995897737340724,0.0183053822168524,-0.102883836740069,0.0106731265032144,-0.106087523748833,0.00281984201417595,-0.108745317403182,-0.00535448243355271,-0.110209904415755,-0.013427610855634,-0.111681344054414,-0.0215124907804504,-0.11197723519036,-0.0295919063377185,-0.111050171315321,-0.0376045155435504,-0.109842146543354,-0.0456977669222137,-0.108320787632493,-0.0530350796043687,-0.104721980359027,-0.0598919131302069,-0.0996156890120617,-0.0670024326408763,-0.0941537179661151,-0.0741320453736575,-0.0884290996167853,-0.0805730352618236,-0.0822784500432666,-0.0851274194510883,-0.07409141059688,-0.0890740622563989,-0.065000390479042,-0.093821703342147,-0.056251918505999,-0.0970063036882753,-0.0469599756374605,-0.098777594099799,-0.0375445653030462,-0.0998655929094725,-0.0284067725078772,-0.101757608744103,-0.0192832847524162,-0.103853225807707,-0.0103602674768969,-0.105677628928513,-0.00190248361472218,-0.107002211204974,0.00581435126614607,-0.107638521641981,0.0134462772228216,-0.105869167581855,0.0205850950073203,-0.102994247443612,0.0276095465038939,-0.103004385658986,0.0338802969059239,-0.104282548818688,0.0381606824011457,-0.103057369897997,0.0416809297140606,-0.10111904148533,0.0443736759358375,-0.0988612918257756,0.0481244262284637,-0.0962658871396136,0.0509928389018505,-0.0945587784305428,0.0530676430688996,-0.0928693020585682,0.0554820041484737,-0.0906516925851899,0.057566355877148,-0.0879196255773645,0.0605208066305043,-0.0848495407567621,0.0638229107153776,-0.0814398235945526,0.068899803551587,-0.076307068597121,0.0735133276062132,-0.0708274896080127,0.0807001838619952,-0.0647266978307716,0.0903968696023211,-0.0554515360203187,0.0974706466587833,-0.0432624915699932,0.10001419295518,-0.0306062433103045,0.0988088278361269,-0.0184861078093187,0.098671294287522,-0.00931499389292887,0.0975899213070131,-0.00241795838177193,0.0969108332607874,0.00431322497030026,0.0951828551911202,0.0122472345290615,0.0934853950200962,0.0208031544118761,0.0907436156752415,0.0305146565494867,0.0864767821874876,0.0405401657889513,0.0800771889468055,0.0476322157722975,0.0701871809874654,0.0525481800586064,0.061742347804915,0.0594100760896146,0.0584362927799082,0.0647123253007359,0.0566913009864709,0.0690089791502268,0.0563174312685966,0.0735585576295436,0.0575668404054577,0.0799886361318495,0.0577541907796229,0.0875540361814005,0.0590635979370388,0.0934771630196896,0.0605780524449611,0.100774667371459,0.0626819206857692,0.107190607860314,0.0643643204032318
"MathTeg10",0.114005675927144,0.0642996017716111,0.115221837577037,0.0576024018001155,0.116963315765065,0.0518810527077988,0.116758011638397,0.0460971395805723,0.115584086141797,0.0396241283727822,0.113213169101985,0.0328398235042552,0.111062608774106,0.0254049047025642,0.109471925029614,0.0173577632966513,0.108197232202075,0.00918370023329924,0.106842820534697,0.00140432825931312,0.104823750884095,-0.00644401404160983,0.102610417982522,-0.0139176799419012,0.100934876725365,-0.0214118497246356,0.0982716909556452,-0.028511729491353,0.0945362487569422,-0.0353381547301418,0.0916871718542619,-0.0424014518752209,0.0884085818369686,-0.0495717631625739,0.0834053622505484,-0.0559492901478709,0.0776678254270809,-0.0618894691204182,0.0710348170548688,-0.0672632507458561,0.0640680894014134,-0.0723679463759623,0.0571479034277318,-0.0775821014532214,0.0502126074234362,-0.0827611389286264,0.0424923100105991,-0.08620823786736,0.0343546258689805,-0.0884435569534438,0.0270876960017242,-0.0926139791249715,0.0189945182558337,-0.0945690952914879,0.0108275934870213,-0.0965298561147523,0.002942497313117,-0.0995544701524117,-0.00527018845162303,-0.10110072198603,-0.0128422118331281,-0.104068319908042,-0.0202969486800249,-0.106434404539904,-0.0275748711023304,-0.107477291906924,-0.034707413237305,-0.105983303410375,-0.0421096620317506,-0.103686767550607,-0.0488425663005676,-0.0992767852960542,-0.0557432521215344,-0.0942244007404562,-0.0628376958418682,-0.088633078218701,-0.0700421871472771,-0.0827792935008937,-0.0766775931900606,-0.0764524573408364,-0.083067642668745,-0.0696575117109898,-0.0882001182254042,-0.0619848158352204,-0.0905548878560663,-0.0529762796834718,-0.09182518929663,-0.043678951479671,-0.0948595032280952,-0.0354415153746857,-0.101050350022191,-0.0292460411815242,-0.107836056406576,-0.0232341132837115,-0.111726603682921,-0.0155346056143371,-0.111636952742024,-0.00625588130247741,-0.111587701328387,0.00294034666429493,-0.11240042178848,0.0124173799848436,-0.111476229369398,0.0214628543891134,-0.108609937607589,0.0302816913349211,-0.104393322789896,0.0371292389200585,-0.102043298273875,0.0425165313603193,-0.101061524079589,0.0477765530393551,-0.0987836486285862,0.0512770374294529,-0.0949514332845597,0.0550500952015443,-0.0915255941974543,0.0580544249669837,-0.0893563383086159,0.0601150868127213,-0.0877553546069126,0.0627441890052129,-0.0864385050602729,0.0652006646802573,-0.0868599952531118,0.0684071657831866,-0.0846016545607543,0.0700775651680209,-0.0798323101858151,0.0720123422304327,-0.0742869035217033,0.0744166350859449,-0.0700422959242146,0.0810158731009449,-0.0633931227596426,0.0892798399089547,-0.0546389777457261,0.0965965430983827,-0.0450681950982454,0.10125265711296,-0.0356092206194112,0.0993368737686357,-0.0265830222968092,0.0943287764489466,-0.0187506227283614,0.091843271165684,-0.0129233613273758,0.0897428443122265,-0.00708878996156475,0.0877411363080533,-0.001526117070127,0.0825086014656189,0.00603411989489906,0.0775839021124074,0.0167885514027073,0.0735554441094828,0.02940385520621,0.0674987616478789,0.0427042719370963,0.0609872743419384,0.0545520953995953,0.058097374627517,0.064160408770082,0.0583902968679902,0.0711135065660884,0.058093757220183,0.0767676713259151,0.0581398400534687,0.0826878832589653,0.0577425381021907,0.0903907051760592,0.0572259206109359,0.0988721231617999,0.0591531211554262,0.105195545637118,0.0595753940270018,0.111523444580227,0.0603364064049534,0.114537008841516,0.0626091877535418
"MathTeg11",0.110583956777134,0.068691404157147,0.110257034649155,0.061871220734255,0.110340471784904,0.05442334869946,0.109606168464394,0.0471589908782074,0.109256878034796,0.0389832379662427,0.10839513535161,0.0302899625726588,0.107591250695389,0.0213263664440849,0.105971703601137,0.012405717693804,0.102501507509644,0.00428583345525992,0.0996557407911987,-0.0033497932202789,0.0988612071666871,-0.0114616275921738,0.0960093495922706,-0.018534809687603,0.0930224412796582,-0.0254343825764157,0.0918513983877897,-0.0327930817682881,0.0896578713597007,-0.0399888012667396,0.0866923448711735,-0.0467836742777809,0.0825848685933618,-0.0534362611069589,0.0774357733766913,-0.0597927828070184,0.0718208035148657,-0.0659451431440732,0.0660417351198538,-0.0721805369733809,0.0604833415312183,-0.0783701328449034,0.0536465307829621,-0.083123417215348,0.0467045749370644,-0.0880158244873132,0.0392414588979875,-0.091941356400869,0.0324205220536335,-0.0967001403294472,0.0250706076372849,-0.100263610716123,0.0172796776841799,-0.102689785004806,0.00939014158211198,-0.104849033121115,0.00140678518635746,-0.106828750830236,-0.0067390014889867,-0.1077939501106,-0.0148052092789146,-0.108283758057772,-0.022711370771791,-0.108178315907925,-0.0303307294760954,-0.108426682275907,-0.0374849616347641,-0.106797181447276,-0.0443178092591326,-0.104184007441063,-0.0493704884654259,-0.0982228983202135,-0.0562881800743026,-0.093227410356831,-0.0635352842029799,-0.0875574735409949,-0.0704475377497346,-0.080820195323731,-0.0771908211790804,-0.0739061712579559,-0.0826009618867229,-0.0653402080951786,-0.0875766315662448,-0.0560148493203978,-0.0923300510401335,-0.0466269786278631,-0.0973129374437336,-0.0376957117326424,-0.101400074634387,-0.0290644472295062,-0.103811486558608,-0.0204571108934327,-0.106030340174125,-0.0117630252820722,-0.108502855357268,-0.00345863369978039,-0.109253342448705,0.00472860377337747,-0.108064123584152,0.012515546939788,-0.107469734851357,0.0203891538418807,-0.108834734165096,0.0274887353092851,-0.111059622835565,0.0340037926911809,-0.111090703633899,0.0398471632248803,-0.108817567155656,0.0437182192434722,-0.106412505509823,0.0471633581125947,-0.104481149653232,0.049678223935289,-0.10160981320434,0.0520486103809656,-0.0988096607538836,0.0532335411114188,-0.0963935763079388,0.0525931279197426,-0.0941958165481936,0.052744147231535,-0.0925486877652415,0.0537521197374129,-0.0918090353786669,0.0563295502577864,-0.0922801744835593,0.0598846619147759,-0.0931292235483814,0.064688139409543,-0.093051648408396,0.0704454400385281,-0.0883248913172811,0.0760803785767447,-0.078310663154063,0.0823470631780805,-0.0644423416333075,0.0883203179889332,-0.0487564785380206,0.092903565303094,-0.0348835476506253,0.0922002238881473,-0.0249654060900829,0.0833234974970122,-0.017030550671626,0.0773399712267004,-0.0109662003549873,0.0747723580852699,-0.00435775444915031,0.0750759763564158,0.00334027610014273,0.0742965808187321,0.0119715690832524,0.0731479970827737,0.0222414654326041,0.0713108836028985,0.0337964849195347,0.067261610740147,0.0460920006959907,0.0638089748449009,0.0563972278119928,0.0618124326205536,0.0644880230249712,0.062083859909823,0.0704848429960356,0.0633321318817482,0.0757068145519275,0.064403341522697,0.0812977464290491,0.0660002882233837,0.0887996994929395,0.0673591368205725,0.0969911418484693,0.0690643948175089,0.102667177054539,0.0702147727934661,0.108288548520429,0.0712016192442056,0.111018238507352,0.0708169854688665
"MathTeg12",0.116827069536567,0.0641384254621457,0.115559164834744,0.0571099525065606,0.114123092519897,0.0499333860798592,0.11222857917787,0.0429805669744467,0.111925393254398,0.0349849689994361,0.111606641097438,0.0264689357838128,0.109564607145248,0.017901413230326,0.107851157968094,0.00909871317585755,0.104678844797976,0.0010558509250333,0.101168538404738,-0.00610394209498419,0.0997804978723282,-0.0139656495967281,0.0977010882616743,-0.0211791912894276,0.094531200506492,-0.0278645129871395,0.0912343801878683,-0.0344554238482026,0.0870654883195801,-0.040704944825308,0.0832697903081275,-0.0469481813848658,0.0790834762776495,-0.0531631288125234,0.0727666035487042,-0.0578151811591094,0.0665929612877789,-0.0629185319195733,0.0611666140059223,-0.0691151446957278,0.0551509347482127,-0.0746683578460227,0.0494261563094742,-0.0803888042838571,0.0423955161554359,-0.0844831348205667,0.0361979191929036,-0.0895933032246222,0.0295225786099743,-0.0935629286106213,0.0219659975230861,-0.0955302461114743,0.015264290751505,-0.0995103061185201,0.0074548077762764,-0.100908766923004,-0.000422767199274933,-0.103496164920211,-0.00853716443609434,-0.105756189921429,-0.0169013468839097,-0.106757492873228,-0.0253070624373723,-0.107223374967201,-0.0336876398467533,-0.106765499877408,-0.0418962236417177,-0.106457745071421,-0.0499694855994603,-0.104209582220557,-0.0579668031365385,-0.102272374063115,-0.0652036450271143,-0.0985472335948806,-0.0718246952416848,-0.0933272336456342,-0.0781144420890185,-0.0873525509089921,-0.0843723482383166,-0.0815180615569671,-0.0900781616301465,-0.0749525603087153,-0.0947408762119097,-0.067548164698478,-0.098226173113044,-0.0597320026119179,-0.0993305544978628,-0.0511810098924489,-0.0994627160216428,-0.0424884918412555,-0.100727819003996,-0.0341401154925339,-0.101842581513341,-0.0256389483226305,-0.104016801792001,-0.0175155920013418,-0.108011979912476,-0.0104434031399014,-0.111602864501328,-0.00401451753733401,-0.111497547963544,0.00385967810672836,-0.111678831886839,0.0118474073038259,-0.110047053046134,0.0199863007644838,-0.107665399415226,0.0266361855576177,-0.103332836140787,0.0307557345789741,-0.0987435255260912,0.035016877454515,-0.0963009706811783,0.0393431959554331,-0.0936143997569087,0.0447813262145956,-0.0926900821503463,0.0496944363132494,-0.0916599830413452,0.0527214929335419,-0.0903400604570326,0.0557421100336276,-0.0883182389325649,0.0582153029229562,-0.0872953926647548,0.0619254046254871,-0.0870023691362568,0.0660585969690248,-0.0850126407479151,0.0704755721004561,-0.0810707705321062,0.073820999800426,-0.0743258848683611,0.0770184347738055,-0.0663314472439342,0.0837689864331866,-0.0566106293043015,0.0909498159568793,-0.0446070140470472,0.0950978136683397,-0.0326726334218146,0.0961920110173295,-0.0217156257076345,0.0957708715668244,-0.0134190204195682,0.0953547543361638,-0.00718157769007022,0.0941765123928962,-0.000913813545097872,0.0928026426003975,0.00626908577367845,0.0911650148416418,0.0139475848518937,0.088338345964195,0.02287471828643,0.0839867890056091,0.0333550452063801,0.0787772670136937,0.0428965775645455,0.070877176226489,0.0514969152479567,0.0651563784336724,0.0586944518473617,0.0619942757492765,0.0637474215893721,0.0602681715977984,0.068335825019967,0.0613576485515002,0.0737949999933858,0.0627253706202446,0.0813576683406009,0.0647494204630668,0.0902688259613918,0.0668634398177327,0.0975333412005444,0.0662679194295154,0.106578006752094,0.0659450687455329,0.114388746959795,0.0653674900500199
"MathTeg13",0.108057457961241,0.0794311751961075,0.105838138425036,0.0700804206482549,0.104457631106902,0.0619566789791276,0.103535016731963,0.0546197653120228,0.104967985928958,0.0468139324022021,0.105882262246494,0.0383960314932202,0.10502603967414,0.0294615994048447,0.10370844049036,0.020155414671166,0.102021862368768,0.0110077829916135,0.100466801597533,0.00249511464974732,0.0989658924549272,-0.00603252584956459,0.0957052286677092,-0.013707983894235,0.0929360584095469,-0.0214226974266217,0.0897784509154532,-0.028897274519679,0.0853148777800385,-0.035963127478344,0.081261220652981,-0.043071763529192,0.0767815340009274,-0.0504368870594878,0.0714775122027278,-0.0576834853709198,0.0658316077441366,-0.0646728182690304,0.0600921781963382,-0.0716812698408301,0.0540213354159436,-0.0781736558189241,0.0477977789544954,-0.0842753108791513,0.0403589270035415,-0.088936992724877,0.0330667443601886,-0.0937110657648155,0.0256659481552595,-0.0979924523484016,0.017646121577794,-0.100822171389995,0.00942901793613994,-0.103027056475493,0.000999097971493172,-0.104446626705966,-0.00752674931738627,-0.10612348246003,-0.0161151149049149,-0.107446240008266,-0.0246824488881874,-0.107822629314104,-0.033173160925437,-0.10707595730703,-0.041561547351979,-0.104868777223191,-0.0499506857729894,-0.102241712469258,-0.0584367682972207,-0.0987746051388544,-0.0663609624419263,-0.0940184369084699,-0.0744311520240639,-0.0893873883720639,-0.0813423889062004,-0.0828835498300316,-0.0877674411290695,-0.0754398481199674,-0.0940462313860684,-0.0679848685229742,-0.0999659174966873,-0.0599805903645211,-0.104782059116975,-0.0511909965029969,-0.10782828016684,-0.0417467753524188,-0.112377056867699,-0.033296887453491,-0.114987188613564,-0.0247807503551977,-0.115359907533528,-0.0162627366814008,-0.115039965764141,-0.0075199892382854,-0.115075458513213,0.00101815750275163,-0.117267427242378,0.00899434932296817,-0.118963834476628,0.0164988024984961,-0.119230069016418,0.0239096151025104,-0.11788552588274,0.0303812468212367,-0.11753461560607,0.0362126896778448,-0.117191939820643,0.0402893948065444,-0.11416186700684,0.0415767922587637,-0.110532198348088,0.0424563062846821,-0.108195973842098,0.0420456031925537,-0.1065318973834,0.0404516708506442,-0.105324956193056,0.0402045049143998,-0.104989981725239,0.0411321053759133,-0.103984381118121,0.042422641880001,-0.103855893046563,0.0443224683542312,-0.104035331684342,0.047582128416458,-0.103587038151783,0.0514388851545185,-0.101018106493614,0.0556141893128028,-0.0955534776577977,0.0582726268527623,-0.0887266711491059,0.0641953365547252,-0.0788233365886378,0.0711319009395083,-0.0649270962392942,0.0710800696102549,-0.0483232135990742,0.0684123523426783,-0.0329049971290876,0.0671504867624652,-0.0207786206321862,0.0713674275983352,-0.012925499084994,0.0775756229503915,-0.00652386651273404,0.0820895039809429,0.000325815194575811,0.084255326970754,0.00736311940327009,0.0835966323925897,0.0131617563137454,0.078142989170891,0.0191899832178036,0.0686856091010978,0.0284828505560406,0.058866332657918,0.0410257866809357,0.0525685734347841,0.0521078405022731,0.050334515632199,0.0604586953137451,0.0522116649152272,0.0661236854822431,0.0559171303522037,0.0703999844180368,0.061096486185586,0.0747701184905902,0.0674719645856258,0.0820525586286195,0.0733813903628773,0.090177737306114,0.0751630660747181,0.0945562099302561,0.0694987096573466,0.10103732064207,0.0701588205484257,0.104871375498533,0.0783955372047657
"MathTeg14",0.112967484530393,0.0621138705306133,0.11065812069607,0.0556323470532993,0.109989087132141,0.0488777095754468,0.111221076974134,0.0424587199532966,0.11088723605357,0.0352957454884346,0.108105959438711,0.0278624413448218,0.105507213767324,0.0197658468202276,0.10311883486246,0.0112887057569063,0.102139043923079,0.00267590969689185,0.101005220545245,-0.00543452173368483,0.0992514053919956,-0.0134484388684018,0.0965158459335889,-0.0205506362427072,0.0923555388207651,-0.02687475088945,0.0893735992947651,-0.0338679664897408,0.0858698454432683,-0.0408271412781281,0.0821360862613291,-0.0475487459340566,0.0782555082370258,-0.0545313282637649,0.0727191001689572,-0.0605878030259421,0.0666578028229984,-0.066421736105504,0.0605296227166596,-0.0725069259122129,0.0543729341842351,-0.0784130628742164,0.0482107914595311,-0.0842461514602021,0.0417073166090853,-0.0896226021648096,0.0346194453933708,-0.0938635120902363,0.0269956364357492,-0.0968709690359342,0.0189594477530733,-0.0987048065492051,0.0109107464072436,-0.100245056800074,0.00344601016854784,-0.103654395004104,-0.00435452572814787,-0.106427089397847,-0.0121099785705442,-0.109085561461641,-0.0198370831724408,-0.110955559293371,-0.0273740250414632,-0.112360423066018,-0.0344141947955477,-0.113792356532562,-0.0411195415933878,-0.113208992964865,-0.0476804731925915,-0.110234980574756,-0.0543656791174286,-0.106681170051426,-0.061055430690929,-0.102521985675166,-0.0675728668373803,-0.0974745469552914,-0.0741517335617608,-0.0921070097926847,-0.0800824496427674,-0.0860952077781086,-0.0857915918795907,-0.0794820316314181,-0.0907821599417824,-0.0720879606697882,-0.0952418039470526,-0.0645055593731123,-0.0982369124406193,-0.0564176590541801,-0.099265342685472,-0.047868006945428,-0.100702372351517,-0.039585857909134,-0.102599402858607,-0.0311684095402687,-0.105120712885035,-0.0229355066643412,-0.106387834489832,-0.0147034344613375,-0.107074996114072,-0.00692475696351447,-0.106522000665138,0.00109823997578707,-0.104079060608482,0.00883222306333937,-0.102060697037403,0.0170368689796228,-0.100207714520691,0.0239984216511602,-0.0978307979173097,0.0285197246993638,-0.0942394717849816,0.0316493923951759,-0.0910689344552295,0.0336596075796444,-0.0882456097525965,0.0373406433113146,-0.0856664791342244,0.0403284833099041,-0.0842997127584517,0.0426030809674558,-0.0831428961264704,0.0454852362111796,-0.0812982672611246,0.0482487129342824,-0.0796558912710236,0.0525499641758153,-0.0781694329121382,0.0576424047739514,-0.0743247544757058,0.0636417595929804,-0.0720288477976923,0.0715642336124942,-0.0687769692800736,0.0815651662434362,-0.0597835793534557,0.0907399382242099,-0.0530450115431397,0.101809604304228,-0.043013249069144,0.106541952905742,-0.0316589700468252,0.105349167761656,-0.0203898070285906,0.103042463800385,-0.0120776080340422,0.100524198415283,-0.0065404144835109,0.0973210304068825,-0.000754098556335464,0.0940217566713771,0.00679134208818263,0.0903554824629045,0.0162178750882699,0.0874582443454705,0.0277890523966547,0.0835425795424035,0.0414630618316919,0.0790290899239312,0.055506034901605,0.0746729297800014,0.0662907464866691,0.0708281559158965,0.0730835108154646,0.0666548495365667,0.0771422778542122,0.0641773839061563,0.0806293881392509,0.0648520357520294,0.0843424436321294,0.0672835320712834,0.0896446454930503,0.0699200279689771,0.0964450694966092,0.0697824058334402,0.101705904234903,0.0685791545566914,0.107371012074965,0.0659062347713313,0.112205078051858,0.0641655567892169
"MathTeg15",0.109168704829135,0.0641605661151804,0.108467764648207,0.0570608278834114,0.107996098201902,0.0502925934128423,0.105844701188537,0.0436881791149708,0.104408134042396,0.0362169535388415,0.105608841351407,0.0281587818534772,0.105098065055291,0.0196137740512009,0.104669200456318,0.0107501020413613,0.10384786476988,0.00211794817095763,0.103078181767798,-0.00588923539716496,0.10120728879191,-0.0136899229711072,0.0978674960338117,-0.0206692083984454,0.0955215583342854,-0.0279132991106166,0.0933362545897765,-0.0351232515579439,0.0897340747050896,-0.0418844191565057,0.0870407256339052,-0.0488692113555142,0.0830716954048666,-0.0555903435528527,0.0781296420901127,-0.0620385420617174,0.0723786433938123,-0.0678656074192767,0.066703627360553,-0.0739332283992317,0.0613696931006348,-0.0800714197059672,0.056236541876017,-0.0861056150501459,0.050822545677912,-0.0913809548367495,0.0437135737214486,-0.0938853879531956,0.0363476419059652,-0.0966539076883333,0.028977637211812,-0.0998549664144984,0.0216496484165187,-0.103215023584156,0.0143137536351633,-0.10650019737885,0.00671733621309576,-0.109103498277291,-0.0012154379934973,-0.110417891857366,-0.00896509911770454,-0.11208571262954,-0.0165422906971634,-0.11344317643397,-0.0240132570416498,-0.113058685793331,-0.0312775200387014,-0.110390034692437,-0.0391888169248071,-0.107507655315994,-0.0469971922744741,-0.103828171916762,-0.0546506068029986,-0.0993118167964911,-0.0626367531227479,-0.0948920389861092,-0.0700037158585044,-0.0893130370055808,-0.0761427615638836,-0.0823470847691633,-0.0819060996784943,-0.0743968214421198,-0.0874795985921783,-0.065957753339143,-0.0919847081196887,-0.0569592983507205,-0.0958362457230274,-0.047850387889737,-0.100116229991166,-0.0395091363502581,-0.103696233080229,-0.0315401721290376,-0.106958660136889,-0.0235265337084812,-0.108518252462586,-0.0152043022142156,-0.108771916836662,-0.00697323555454543,-0.108371397961697,0.000758026370038935,-0.109123156200449,0.00867361190264706,-0.109097778760795,0.0162865389479935,-0.108229437420626,0.0239238630064711,-0.105998198365596,0.0303404949220652,-0.103081588356754,0.0348028761038789,-0.100191367010632,0.0390053742273858,-0.0983017169080554,0.0426089578836917,-0.0955971674797472,0.0469291475227231,-0.0931144308022225,0.0503258697506754,-0.0915648693443418,0.0525566591737305,-0.0898073602643095,0.0549423917123402,-0.0881368614283208,0.0574451625231153,-0.0870917090086535,0.0614564761258557,-0.0855506404052105,0.0659441989937618,-0.082066734056527,0.071371369722376,-0.0785717436760405,0.0782170149260828,-0.0720913122243138,0.0860816971908905,-0.0614738566338594,0.0945007100341762,-0.0508692940181337,0.104199002677218,-0.0381630720319809,0.107802366692476,-0.0256714623434249,0.104704798195488,-0.0142749815652799,0.0989653048384068,-0.00581859657009598,0.0948425910424521,0.000499439476740599,0.0931432244781435,0.00674694578365108,0.0929714113334622,0.0128558506690761,0.0896723998739917,0.0192481997946349,0.0844796774960793,0.0269272359193705,0.0777876531736068,0.0361706191794333,0.0702738691968255,0.0463132540087986,0.063372590169766,0.0545929109811896,0.0580833615577997,0.0601781403671698,0.0538792442050219,0.0646117787929771,0.0528176850451402,0.0685851808714282,0.0540235423561682,0.0730751811853075,0.0563336259580655,0.0796680211599163,0.0586729078561097,0.087565535602165,0.0608468180347969,0.093357805104031,0.0629739157989598,0.100739815239846,0.063146724892222,0.107161211019179,0.0631280494037245
"MathTeg17",0.104604862596031,0.0647334632281859,0.105500292529723,0.055645022355736,0.106288667098107,0.0477229026401414,0.106988084773159,0.040527575623514,0.106835722330393,0.0329946247319265,0.105513873968495,0.025213897240596,0.104211365570979,0.0170293368317122,0.102457144760775,0.00863371158418815,0.101224595598924,0.000281856341676036,0.100035759801931,-0.00751112476800972,0.0990521781708097,-0.0153247769411485,0.0967167609903378,-0.0223684726489685,0.0952384417134698,-0.0294485032495446,0.0923400013266894,-0.0359491169904988,0.0892026005408521,-0.0424866351703888,0.0854862575161478,-0.0484461366273519,0.0827985115630032,-0.0551490319807904,0.0782464656593554,-0.0608828784020105,0.073096995637417,-0.0663370621946255,0.0675591422645975,-0.071700303926724,0.0618177443806992,-0.0768131890244063,0.0560126344971979,-0.0818291809329668,0.049577258514284,-0.086104145198776,0.0437689045241277,-0.090991016284634,0.03772201014437,-0.0951864307747012,0.030901832175237,-0.0978294295274476,0.0241503561487624,-0.100592166388765,0.0170140596272031,-0.102063318522682,0.00965347248848294,-0.103150934015123,0.00254670038067621,-0.10532503526085,-0.00433002690007427,-0.107574216314907,-0.0114301360288465,-0.107667727656385,-0.0187319010474968,-0.106063034477859,-0.0262262278228054,-0.103644197029583,-0.0342355288174541,-0.100747066603656,-0.0420869097239725,-0.096809332933698,-0.050166543188354,-0.0927691803079017,-0.0575577469290225,-0.0869832332549188,-0.0647904312048638,-0.0803909028978957,-0.0722508877614078,-0.07408539460024,-0.0795269576176225,-0.0671511024097422,-0.086395441272773,-0.0596684896968284,-0.0921788206818273,-0.0517924725678603,-0.09479907439081,-0.0422614884985015,-0.0972416496820047,-0.0326966318675705,-0.101161804349962,-0.0239661688245326,-0.104381098998263,-0.0147192400367764,-0.107402845895012,-0.00556420650935951,-0.112119131885475,0.00252580380298506,-0.115255751490965,0.0106397639047992,-0.116194647328078,0.0193555050821706,-0.114823648618322,0.02772830182739,-0.11244252413034,0.0360487942930117,-0.112174763061765,0.0434094218372965,-0.110679939677087,0.0481488553483928,-0.10841245996397,0.0517059529294081,-0.106435016247625,0.0541982448949785,-0.103945074072804,0.0570314488189446,-0.101837520608824,0.0590996851084513,-0.100285588167297,0.0600745938953249,-0.098885277070805,0.0608784249278226,-0.0985378060205172,0.0623834060837719,-0.098212897628439,0.0650290611040563,-0.097047026590432,0.0679189835075536,-0.0939643889336039,0.0709945310679248,-0.0903381457917609,0.0747669249937148,-0.0869212772753391,0.080821220480237,-0.0814280358441286,0.0873276466177492,-0.0719139351201134,0.0901711888980261,-0.0590716476457574,0.0907476583084518,-0.0453922381926661,0.0893344838330603,-0.0321709426156445,0.0869590658804219,-0.0222015455844146,0.0850697282128791,-0.0146911145123936,0.0850899418031926,-0.00732428865880445,0.0838660968262285,0.000960236910895919,0.0797869114972525,0.0101511830828078,0.0737028212119245,0.0214039152471387,0.0660509763293547,0.0358775528802534,0.0596195794593413,0.0513246069802298,0.054738141972496,0.0640301679226606,0.0530659355252763,0.0733377926348325,0.0536525738307455,0.0795006167076159,0.0536343855671858,0.0839589840908235,0.0560641411511947,0.0884214082279615,0.0594365029117168,0.0939157227769209,0.0621933102061096,0.0991362961017302,0.0589281257044594,0.10136985282387,0.0544898116009438,0.10457753771678,0.0566386327670948,0.10487934390295,0.0629549698227923
"MathTeg18",0.107619892351146,0.0713029373074547,0.108561661078168,0.0639949670050456,0.109336330607704,0.0566732493439928,0.108111845248865,0.0494193650067335,0.106174278240051,0.0414693656416448,0.104511859757906,0.0331424133859429,0.102195479144668,0.0247911638739875,0.0995924059322377,0.0164459188427462,0.0986215627261591,0.00798679492929094,0.0978843360080721,2.33239472130636e-05,0.0969870699934308,-0.00796751585257498,0.0948123766991105,-0.0152907043377383,0.0928007232117267,-0.0225338554792278,0.0908319436261021,-0.0297020169929256,0.0888317301130558,-0.0369102909419656,0.0859753185991618,-0.0435975273174707,0.0822998293498819,-0.0502638621575021,0.0776247240094429,-0.0565643097693023,0.0748010143480873,-0.0638671159348726,0.0694640358668773,-0.0698659273720006,0.0636349986157909,-0.0757902137130869,0.0570392689345141,-0.0811431496363792,0.0502411545983702,-0.0866052501522948,0.0435150688568605,-0.0920723617653446,0.036586169971303,-0.097034870600218,0.0296747826533925,-0.101577210848277,0.0217642088552037,-0.103913597938106,0.0138483234114113,-0.106643262167725,0.00577354850538967,-0.109260265975429,-0.00250050134270542,-0.111047604389476,-0.0110031933854175,-0.111116425752079,-0.0196000828474183,-0.110607832272204,-0.0282391976822348,-0.108759424376545,-0.0369957941037665,-0.106944160572216,-0.0457281303426482,-0.103423631338176,-0.0545706130029914,-0.0999830960165209,-0.0630383070510235,-0.0956304490615618,-0.0709148943806613,-0.0899395653609774,-0.0788864535054625,-0.0843380139573259,-0.0857258764502005,-0.077954752478449,-0.0909155786306121,-0.0697411829381736,-0.0958784930459094,-0.0611498722618328,-0.0985554329369904,-0.0515775265853451,-0.0993457397858423,-0.0413583036834144,-0.101464248776865,-0.0315049585660818,-0.103171327433812,-0.0220202024305382,-0.103941807483761,-0.0122930175529853,-0.10459967747084,-0.00275591727297783,-0.104616371622255,0.00622235836958731,-0.106055018708995,0.0142036549212328,-0.108104222396643,0.0218901820019971,-0.108574120761337,0.0289032915943283,-0.105737211573926,0.0357667314228787,-0.104555263748237,0.0420815411565185,-0.103743097573274,0.0464531752620908,-0.103236281014908,0.0499844922003713,-0.101488557912062,0.0523573768900473,-0.0996819147504529,0.0557706805527479,-0.0977308732076917,0.0583366322638127,-0.0963623385217826,0.0599474284296259,-0.0951819937878091,0.0619417445757886,-0.0944511140022208,0.0642909312943357,-0.0930022387975191,0.0674080386832878,-0.0915220577704607,0.0708938879991788,-0.088038701029629,0.0739966075080568,-0.0828602372911838,0.0758469812110096,-0.0764226070711242,0.0800396203254013,-0.0677230300469685,0.0858754259536834,-0.0558226925566354,0.0876783936299773,-0.0416910103280675,0.0858844900592465,-0.0282116965438747,0.082877039334074,-0.0170146534190333,0.0800015164786536,-0.00950870559036896,0.0829337354211442,-0.00471957462055304,0.0878903988916571,-0.000647635449937239,0.0931045383068726,0.00526005062654749,0.0948754131610193,0.0123375152703987,0.0938997775945298,0.020562977560203,0.0888002798370092,0.0314457886293254,0.0823892118672715,0.0431243904687767,0.0751606675796372,0.0512842064708896,0.0675073503975757,0.0558241521857934,0.0607235110019837,0.0601570675251997,0.0580670947050228,0.0646664335728361,0.0582702073477771,0.0698616665880936,0.0581818228495677,0.0767279860701485,0.0599423764167787,0.0845793754148238,0.0632375680342968,0.0903148917462678,0.0667081604767283,0.0981089260098082,0.0694339080856392,0.105196493193246,0.0710325365422905
"MathTeg20",0.106993972472899,0.0674755925164564,0.108852041038462,0.0596769478054923,0.110702757885256,0.0517659896779969,0.111578828331884,0.0442250832990914,0.110856360187941,0.0358591445142012,0.110343260990048,0.0269736024424284,0.109315863942814,0.0179986641287339,0.106818833516929,0.00921145175899911,0.10350987865128,0.000897616270663801,0.100609826822348,-0.00693838887188575,0.098173592949855,-0.0149655960844753,0.0952867349840394,-0.0222885311019511,0.0923324893402471,-0.0293880515321283,0.0894456723713772,-0.0363587331231522,0.0863891115675925,-0.0432533339556598,0.0836326363885525,-0.0499678409461891,0.0799655354851599,-0.0563548617551077,0.0746905865911951,-0.0616782683229941,0.0681749774626194,-0.0658712365665663,0.0621549546394705,-0.0712313513309233,0.0559239641375329,-0.0764681833313476,0.0494525194885617,-0.0815314101771169,0.042703196934016,-0.0864054447493039,0.036158858958798,-0.0913483941829967,0.0294479933722518,-0.0956304110751907,0.0218573187630039,-0.0980201686826094,0.0148153284591455,-0.101708522286858,0.00775911219313206,-0.105259039821172,-1.24119682042489e-05,-0.106960330885119,-0.00818731635762054,-0.107448137766902,-0.0163698666764902,-0.108120768670458,-0.0244196765212366,-0.108870503096209,-0.0321516997683819,-0.109925877596307,-0.0394784651662677,-0.109439117821561,-0.0465013599745046,-0.105906237837583,-0.0542927554101908,-0.103763261122911,-0.0615272216825614,-0.099787173875541,-0.0684220860480442,-0.0944702125672251,-0.0755883122981571,-0.0892057224566211,-0.0813082928921442,-0.082471878641284,-0.0866145866813696,-0.0748766712803668,-0.0916938584970863,-0.0670494751639045,-0.0946768707430229,-0.0583887078299048,-0.0954032881447063,-0.049165886649172,-0.0937310287624966,-0.0398192665307171,-0.0916595437547402,-0.0306308075552237,-0.0917508711848655,-0.0208942313932631,-0.0933374311082612,-0.011055369595687,-0.0947399854430287,-0.00159337679665054,-0.0983496754456662,0.00664975985942618,-0.101442590427775,0.0150850376959173,-0.101787119379857,0.0235300863487829,-0.101553401101046,0.0318228946817306,-0.100889718151213,0.0385702289578849,-0.101552153921052,0.0428342267302481,-0.0990061582350795,0.0458512438365897,-0.0972969697084848,0.048628644434457,-0.0962379441025533,0.052496878281531,-0.0963626479224075,0.055719525472722,-0.0958929265800622,0.0575629711837593,-0.0956433569640531,0.0597355999958123,-0.0956931942351042,0.0620621706410222,-0.0959803517910356,0.0653393171270022,-0.0962756406231346,0.0684831980140496,-0.0933667914719656,0.0704582207244556,-0.0897482329097595,0.0732888390908572,-0.0859031387804738,0.07860647430378,-0.0783048500556157,0.0830749156984235,-0.0664785632984724,0.0845252629525835,-0.0513514019351699,0.0843977024928308,-0.0360389930450972,0.082796609872146,-0.0221227708886189,0.0815204731788203,-0.0122185557639577,0.0837022420791672,-0.00543089961597687,0.0877375896253151,0.000711314248279117,0.0924041533493738,0.00751411888218644,0.0956017509317165,0.0152318723187903,0.0950710821157917,0.024527704793888,0.0914513208268658,0.0353856670871704,0.0852630781742726,0.0461726434208444,0.0769105518373837,0.0550468081876116,0.0699635716711474,0.061314364140614,0.0649577383023373,0.0657878114800939,0.0632247434152569,0.0696904656082483,0.0649160920991717,0.0741982935327847,0.0678654330784737,0.0814376235980453,0.0697800866940626,0.0901269393612535,0.0714630792927774,0.0965199904831229,0.0721641772936117,0.103081645437057,0.0708067237562754,0.106917017226331,0.0697621697284697
"MathTeg21",0.10898155200711,0.0654273212151588,0.108829331523569,0.058569881292116,0.108567916472566,0.0517432669349205,0.108969162587826,0.0450411806746738,0.109595367201783,0.037698910499466,0.10968290952043,0.029980705730053,0.110895400021646,0.0222225791772557,0.109491004040732,0.0143172919290667,0.106762466326313,0.00645519363626543,0.103919264686531,-0.00113463768594727,0.100896902753088,-0.00894511960743856,0.0982061894438484,-0.0164335435781551,0.0966480019221851,-0.0240098266984413,0.0931342319921797,-0.030562543016316,0.0887865025971259,-0.0365031643676972,0.0878744309933458,-0.0434619696131187,0.0872513580937399,-0.0507629839179456,0.0833621106942842,-0.057050180477987,0.0784402603983728,-0.0632809434807204,0.0731769044980263,-0.069782422494651,0.067073055957064,-0.0756164200782139,0.0602448886788663,-0.0808963950082395,0.0533577910501784,-0.0864377188971642,0.0465734300011892,-0.0919877366712913,0.0391748440237986,-0.0964180992739801,0.0311945950240568,-0.0996765333626298,0.0234587905334552,-0.103243152658118,0.0159121337913336,-0.106591313816753,0.00751086327642357,-0.106962630385493,-0.000852027216876532,-0.109101985014744,-0.00934518376250946,-0.110647959100427,-0.0179537896475857,-0.110901056517497,-0.0264727166766556,-0.110900241438622,-0.0346397686478426,-0.108303048208159,-0.043155876030031,-0.104466606367803,-0.0518309348756383,-0.10040648528619,-0.0601985173645604,-0.0953111938169207,-0.0687301355511013,-0.0900187491412674,-0.0769571714351066,-0.0842176942273745,-0.0840789622461555,-0.0775439721862008,-0.0903277627034797,-0.069801005089197,-0.0969775487884845,-0.0625653544973952,-0.102343797779612,-0.0551136404643216,-0.104842939679771,-0.0465134666155351,-0.106650433629122,-0.0380148993579607,-0.107705794761908,-0.029945462513973,-0.106979333729405,-0.0218593470141863,-0.103185857481885,-0.014082019005008,-0.0999409181645857,-0.00613358572390633,-0.0984567571354728,0.00183059821088264,-0.0963244646847292,0.0100095289746248,-0.0941122472920175,0.0179949506216058,-0.0929526323111925,0.026399742388189,-0.0925732922430029,0.0336400262324239,-0.0913109079331741,0.0385725106351455,-0.0901088882188778,0.0426797539377817,-0.0910625258726218,0.0461254112664043,-0.0922119688754865,0.0508069707228917,-0.092077595042035,0.0546115490113663,-0.092081120730598,0.0568174911911148,-0.0929516447170615,0.0591824241283187,-0.0934822369126694,0.061712989124117,-0.093050340423673,0.0653444783975051,-0.0928790717099611,0.0693709993631812,-0.0900218985671117,0.0732768038226911,-0.0852883234769582,0.0773428224952369,-0.078133111247766,0.0829884809056823,-0.0661985708930496,0.0877877046986191,-0.0539440091152381,0.0960163522844512,-0.0407480045126742,0.101438165842022,-0.0275933616595076,0.0980370202494559,-0.0147068652628674,0.0929654930642946,-0.00501722179349522,0.0888974527359116,0.00234234570141876,0.0871401553713552,0.00970080279383713,0.0871698325368073,0.017575099939349,0.0865862534991936,0.0252220865495365,0.0827582608381914,0.0341619183854844,0.0777653560058067,0.0457208435771496,0.0758772531223334,0.0561235828795544,0.0716114655527422,0.064468056094752,0.0740027393464992,0.069338587025869,0.0741713016487839,0.0707180054185197,0.0696602442182649,0.0713913752279128,0.0654830135203867,0.0712433726021682,0.0613162188752391,0.0735383764515387,0.0579965426544608,0.0798334124414746,0.0605866046543708,0.0870620686833423,0.0617484898155215,0.0970358263311676,0.063399853494478,0.106055466919284,0.0649816411309966
"MathTeg22",0.113399274030439,0.0657567378376,0.112074865461145,0.0584335690910822,0.110225119008426,0.0516300357840913,0.110694817223719,0.0446658156212435,0.110005325243719,0.0368938069310052,0.109433599547899,0.0286314103612287,0.108102771365874,0.0201639306169948,0.107057399186035,0.0115156538890783,0.104237770838842,0.00351359055668903,0.101431443574929,-0.00391253659863163,0.099528216778074,-0.0116237651949312,0.0978490733415193,-0.0188070589144908,0.0955508622304498,-0.0252972541961525,0.0906035561239825,-0.0302312504571556,0.0854841327642473,-0.0358575491352662,0.0810713018272465,-0.0421501782630523,0.0765924052137956,-0.0491171164864585,0.0711257463705388,-0.0559147713469719,0.0650735563032966,-0.0624337241751668,0.0588254128420496,-0.0690766376948609,0.0526369440202195,-0.0756461628978367,0.0465486333111727,-0.082188524753196,0.0405616434791087,-0.0885869934883138,0.0329495863754869,-0.092670368273611,0.0251649489697437,-0.0967085082876184,0.0175160741530508,-0.10098478224985,0.00971038256177136,-0.104785715981785,0.00183715973599109,-0.108262016068775,-0.00608413564001039,-0.111414783527486,-0.0142102349906242,-0.113496410218243,-0.0220498311363835,-0.115624403625578,-0.0295611334171639,-0.117582325728068,-0.0367688176885537,-0.118332101912168,-0.0437088302103016,-0.116700139662156,-0.050960700854885,-0.115050962068714,-0.0580541118703268,-0.113421492987323,-0.0646437100648201,-0.110718156995506,-0.0707138179971437,-0.107094545753819,-0.0760519453451361,-0.102745646508282,-0.0789216400312124,-0.0960504607426736,-0.0817349834872108,-0.0880437676541522,-0.0842302127584028,-0.0791234776686624,-0.0872053286641409,-0.0699314085320099,-0.0897675711864551,-0.0604500083245476,-0.0920647207160614,-0.0510730956453905,-0.0938174877545054,-0.0419248927736674,-0.0956557252192279,-0.0325864185436004,-0.0959439548199267,-0.0229975636732725,-0.0971098337645102,-0.013728092508372,-0.0975068449726088,-0.004963673414262,-0.0973760659346684,0.00407530622344942,-0.097162756668882,0.0127461285695622,-0.0969355847196682,0.0214421292638862,-0.096292349686428,0.0289067044403642,-0.0948528737907927,0.0339707941719327,-0.0930176787522139,0.0381234562278861,-0.0921649907816958,0.0416134667009498,-0.090426129366319,0.0457566127700015,-0.087767738589401,0.048381418406878,-0.0852741141673529,0.0495093092398593,-0.0830714823578914,0.0515460982417716,-0.0810426492626913,0.054086092089549,-0.0785301110850087,0.0579104281032335,-0.0757042754557929,0.0623407059890213,-0.0727438062356495,0.0685726226208184,-0.0723985028805461,0.0768040717484673,-0.0692209282504031,0.0866045089010186,-0.0605970853560441,0.0965186029087737,-0.0526123507223958,0.107469624905138,-0.0406255001731663,0.111425265430274,-0.0290138227854195,0.113247794031038,-0.0190572209218277,0.109952631515057,-0.012118877625784,0.10582618506823,-0.00693106182769246,0.103287587423344,-0.00153151376069872,0.100931692555227,0.00442425976558608,0.0962936316878416,0.0115577529547828,0.0907478840301746,0.0208972454039878,0.084534067563741,0.0319709749894788,0.0772309580218916,0.0437306279863988,0.0699974542532507,0.0540297897163392,0.0653481803720437,0.0622057970279769,0.0629318938708372,0.0677247576792224,0.0610034064522281,0.0722667490919682,0.0606051268146027,0.0770739437519337,0.0604815459960141,0.0834987196030938,0.0610005781859849,0.0910935857612105,0.0612988683139205,0.0969796072328708,0.0625444084130081,0.104462733273651,0.0637321791985936,0.111251044208365,0.0651822277535267
"MathTeg23",0.105600395346709,0.0693141481545136,0.1065745893846,0.0623799054998876,0.107997981950751,0.0557902581251858,0.10616516175318,0.0491442058961625,0.105003154407661,0.0415143621784568,0.105308201161697,0.0334315509869484,0.10651767480632,0.0251300126460574,0.107078843622781,0.0166248152631501,0.106280157163429,0.00831369569403455,0.105389348281523,0.000531608665232591,0.103675896766629,-0.00721432986050071,0.100615376572237,-0.0143263385621263,0.0979781136383956,-0.0215453827710927,0.095261988924732,-0.0287434727821023,0.0921286121623462,-0.0359667464782122,0.0889409322667381,-0.0429460775841394,0.0861839883203216,-0.0504398237402471,0.0832434711722113,-0.0579887569647342,0.0807372922645952,-0.0655439662319798,0.0771234153094904,-0.0724327984138197,0.0714416500999605,-0.0777549058464971,0.065326877843236,-0.082997667211563,0.058819771552868,-0.0881488729669432,0.0519102304898059,-0.0927941809379986,0.0449567866824645,-0.0973031909717646,0.0374641900650687,-0.100771008681677,0.029583680628209,-0.103329393556401,0.0216802601724394,-0.105802581542001,0.0130940258387044,-0.106136689656615,0.0041339191674749,-0.10638786147031,-0.00495526146295703,-0.106657899843807,-0.014087337855147,-0.106514809902214,-0.0232178045871105,-0.106563460507454,-0.0321749356924776,-0.105434576500519,-0.0412240905107011,-0.10346655892109,-0.0497256670732814,-0.100042693873891,-0.057593337287808,-0.0950367511239,-0.064860072897494,-0.088488496073675,-0.0727844864414,-0.0823484262761473,-0.0789439983115068,-0.0744305043289077,-0.0846211371631197,-0.0653852999444942,-0.0911845545713575,-0.0566084882743461,-0.0966738734620675,-0.0475222489640024,-0.0985294667548266,-0.036788917421744,-0.101692422106032,-0.0265504533674296,-0.104466028909962,-0.0168103363784653,-0.104405251202732,-0.00636718764813988,-0.104095786742511,0.00408305536281322,-0.105304951035134,0.0139391232699674,-0.106465074235367,0.0227815295981865,-0.109532365770301,0.0307368684666782,-0.113265913407622,0.0370574281350712,-0.113041655146966,0.0438017709180095,-0.11203052420011,0.0496291236399613,-0.110388019699294,0.053145701066305,-0.106563028827155,0.0549254906035622,-0.103623143145392,0.0566816028423561,-0.100631386790959,0.0598331631466691,-0.0972865108421318,0.0619581705722251,-0.0948234229409742,0.0635060297669155,-0.0924161672340388,0.0654273874992878,-0.0898062873918235,0.0670653153964826,-0.086829080239419,0.0694864587781233,-0.0831841193073028,0.0714423290186591,-0.0781581552113664,0.0737460645447479,-0.075074611839314,0.0787927632104853,-0.0707389259951516,0.0856460936140325,-0.0631068177085074,0.0925481099488952,-0.0520385615989497,0.095948598474473,-0.0386109201371309,0.0944765230969615,-0.0258428627968354,0.0901298278815897,-0.015045936975069,0.0864153301951125,-0.00808380453162655,0.0873850921340563,-0.00457335691273113,0.0907101883833644,-0.00355155546693245,0.0942999190034992,-0.000822887579309693,0.0920322786273944,0.00541301979013043,0.0902657511618766,0.0140864960043642,0.0863964174930986,0.0247862982778847,0.0801872711641207,0.0359273779151269,0.0724921298526032,0.0439057265777321,0.064628090928056,0.0490731671257347,0.0583939500699539,0.0530653727410017,0.0556419438794384,0.0571851374786161,0.0561356305172395,0.0622497374221918,0.0567813483662125,0.0696977239173396,0.0573954045780696,0.0789342145676113,0.0587701218035003,0.086090019672864,0.0614850991664248,0.0946027677735884,0.0660909044256924,0.103093973087693,0.0676843744113109
"MathTeg24",0.107895480709165,0.0700651670531355,0.108852601973906,0.0619387193483619,0.109004419555103,0.0540653052779216,0.108953158544575,0.0464576043819142,0.109922265448515,0.0382048534852331,0.109493297471764,0.0295427907979297,0.108021355579426,0.0206751979117572,0.106857833330304,0.0116066284786815,0.106248095697226,0.00279022432547938,0.105355351440511,-0.00527783125911393,0.102884085829941,-0.0130140936453714,0.100117156637769,-0.0202014026120078,0.0975977136584346,-0.0270865435077826,0.0962527662990272,-0.0338982572545942,0.0931604303387139,-0.0397372162630559,0.0933513483037212,-0.0459061107270472,0.0904708866841726,-0.0514103575229675,0.0853349020476936,-0.0563936109055142,0.0800193768477748,-0.0617338114636583,0.075579931290921,-0.0681983872412949,0.0693603415977012,-0.0731783455499918,0.0639326226203809,-0.0792282614892227,0.0574249952081282,-0.0842610104280348,0.049663247647684,-0.0875959415359627,0.0416154035619825,-0.0908706934495646,0.0338255953313708,-0.0949770392275061,0.0263718079993516,-0.0996733906066596,0.0181646747270927,-0.102847194228611,0.00926356846812032,-0.104770295079216,0.000252049914112596,-0.106874775151349,-0.00886451695187391,-0.108111568516709,-0.0178531788856089,-0.109333678721686,-0.0266663975116262,-0.10991549408438,-0.0351666432047956,-0.109031048537918,-0.0435299698121846,-0.106035663477562,-0.0519086115795896,-0.103370294394939,-0.0591177332205338,-0.0980450476923896,-0.0662979675589954,-0.0917506583859482,-0.0730146094673166,-0.0844263925124356,-0.0787120343848665,-0.0760802694305837,-0.0846934749543616,-0.0673676193518147,-0.088717544972441,-0.0571470912702342,-0.0921814015456085,-0.0465874535908575,-0.0945829698976259,-0.0358594673244544,-0.0979800875234218,-0.0259756688469204,-0.102346824630015,-0.0171702759151113,-0.107267625262915,-0.00866461939449952,-0.109533731187369,0.000720170837538482,-0.111761540731879,0.00981279934495525,-0.115729509505123,0.0176669268569847,-0.118376839063609,0.0257405139462992,-0.118412704197075,0.0333244444581478,-0.115993056156385,0.0406568661630515,-0.114345672843133,0.0470675013282595,-0.111066125208253,0.0508144024916246,-0.106946676218715,0.0536904111468266,-0.103890971683884,0.055990342814944,-0.10067136645445,0.0591373816466595,-0.0972544995356877,0.0604878879678127,-0.0942678734561677,0.0599959956845505,-0.0912423486807228,0.0602500428618938,-0.0884115334655249,0.0614212939856492,-0.0847908093743326,0.0622319302456814,-0.0812891539224531,0.0637519499508171,-0.0774965567638973,0.0673367499096672,-0.0734894610341251,0.0723438372271189,-0.0686099962229964,0.0796660114337653,-0.0601779336181618,0.0873543472953741,-0.0503613478056541,0.0946596206925667,-0.0386713353392483,0.0967363499314056,-0.0273732253826307,0.0930860404567179,-0.0171180499859803,0.087744648656062,-0.00972721784536932,0.0845384585753731,-0.00397180991183482,0.0849340801038832,0.00162366213401759,0.0855269018944763,0.00744222117669786,0.0827249748280363,0.0138795588211972,0.078507418350965,0.0209839848341715,0.0730169425923175,0.0309699060885637,0.071785182078676,0.0415814403239126,0.0715524157747806,0.0489983304863977,0.0690011296018757,0.0521877991047747,0.0641764193240777,0.0532356157745435,0.0611479842676271,0.0561173100065166,0.0620984772369782,0.0608075826015647,0.0633050304595324,0.0682540052596327,0.065178579598615,0.0779618599810963,0.0673647014610507,0.0862005269415334,0.0679199812922964,0.0964182718402653,0.0680182677026182,0.104966761587032,0.070032521349305
"MathTeg25",0.108306014937811,0.082037718711302,0.110187763335827,0.0739335902005638,0.111404780183625,0.0665657109483759,0.111274548790139,0.0596056750938768,0.109703392640975,0.0522088919527866,0.107746521060935,0.0444220347230011,0.106804878057798,0.0360310573239189,0.106497835186344,0.0273289520659227,0.104393262449718,0.0191026952778175,0.105312476386811,0.0112311901628926,0.104417204733027,0.00321955436319935,0.10165546779954,-0.00433353902498611,0.0983349942073403,-0.0117120036994752,0.0950564027364798,-0.0192012097321049,0.0925402233750671,-0.0272813552416399,0.0902493561220174,-0.035280407770221,0.0872227495959452,-0.0434561195537201,0.0825985919688091,-0.0513080053239975,0.0783007913633944,-0.0594137823213564,0.0729227095753146,-0.067006774534303,0.0673459043990915,-0.074351494503012,0.0617160555598966,-0.0814868007245374,0.0547667249314617,-0.0873683378069953,0.0473173480828711,-0.0925110990489693,0.0389841896114572,-0.0961654928224911,0.0310578845409347,-0.100736236943175,0.0225983652493091,-0.104040490223521,0.0135145892761191,-0.105817564209352,0.00413056879502809,-0.107650795795447,-0.00528077442052419,-0.109902609645731,-0.0147389029604197,-0.11143486899005,-0.0242221154573817,-0.111845165834714,-0.0336435973265999,-0.111203613254826,-0.042870388568211,-0.110453983207246,-0.0518999171047147,-0.107983516347281,-0.0602510261859136,-0.103575735404159,-0.0686928694830308,-0.0989830450804091,-0.0768415183505135,-0.0938329155609734,-0.0835173343217418,-0.0865019346685913,-0.0902028517283033,-0.0791572336945999,-0.0958866355489031,-0.0705913593772479,-0.100474690413334,-0.0609684513247555,-0.103752563401298,-0.0507682857362291,-0.105632115929105,-0.0402381698919103,-0.109105296610307,-0.0305651310185283,-0.111585203911739,-0.0212486064471247,-0.112273799032155,-0.0115652725374369,-0.111481845747206,-0.00199064672378443,-0.113921832432237,0.00682597749984546,-0.118736122759021,0.0144412953062345,-0.119688019196359,0.0233867165345486,-0.119187523318916,0.0315413067890673,-0.114766307771385,0.0385527822607021,-0.108868260600182,0.0434299085560192,-0.102907484315772,0.0462566105459873,-0.0981062865862207,0.0510900739629558,-0.0948548746871816,0.0554048731042288,-0.0911351095238484,0.060415776927452,-0.0865304122162097,0.0624459976180416,-0.0828825895053662,0.0627952578487304,-0.0798084435672945,0.0630955529668828,-0.0782357044574161,0.0641398969736388,-0.0796791536417862,0.0666119500366461,-0.0794751007093509,0.0699786301632213,-0.0759109246087848,0.0734619818205414,-0.0704085423775131,0.0770308746857652,-0.0653964222078024,0.0844582515164016,-0.0584394480002983,0.0935220250293609,-0.0477640818928604,0.0982579543395693,-0.0344812045496544,0.0970556476630117,-0.0218644409739864,0.0924089929862213,-0.0131558971447044,0.0829553865097823,-0.00868779957000019,0.0745253675266708,-0.00476695621364117,0.0698047151776311,-3.66971618702325e-05,0.0659163410104489,0.00611723761562405,0.060768879591194,0.013125585468246,0.0545282113461868,0.0218829629586292,0.0477342403751345,0.0322097605310424,0.0419328934021805,0.0433880313266156,0.0414652768059222,0.0522975883093768,0.0465145205528285,0.0593518879834812,0.0509390042320371,0.0638137819380073,0.0550865845030952,0.0657838980613751,0.0607773357463072,0.0683889074542745,0.0672529756293043,0.072732648700897,0.0739212840542263,0.0814425981104054,0.0736380969704382,0.0891102006119071,0.0703623585915908,0.0983149339325944,0.0736465150293089,0.105507568774556,0.0804673919795984
"MathTeg26",0.108091876558987,0.0865384872544964,0.108437410119221,0.0783086884670864,0.108871544737009,0.0708480732983724,0.108970472328793,0.063500357381062,0.10830937499056,0.055288243682385,0.107882697831464,0.0464525994555092,0.106737019711297,0.0372318703651341,0.104716487358849,0.0278329290497476,0.1043433060041,0.018341867713828,0.103420083403011,0.00947923168074441,0.10172706060913,0.000637756435682585,0.0984576174621258,-0.00747125200326631,0.0957897676733995,-0.0156934234203069,0.0925258584876773,-0.0236743445963407,0.0885852465863389,-0.0316126554012571,0.0847489821047819,-0.0393670989739309,0.0804567996105276,-0.0473532388110945,0.0759556076212608,-0.0555129329861048,0.070457972850124,-0.0629575301582531,0.065229577609877,-0.0705641812883345,0.0580517088255806,-0.0762680121950167,0.0513921511088924,-0.0827212581725919,0.0437283897323155,-0.0881828222773468,0.0356850219711268,-0.0930834010880592,0.027548816966361,-0.0977019663904836,0.0192448036662514,-0.101813563043217,0.0108080829035742,-0.105332819235093,0.00247157649700741,-0.10877564994607,-0.00585575289169814,-0.111976700414143,-0.0142174104481695,-0.114452808556327,-0.0224272113784738,-0.116189054611444,-0.0306007185501029,-0.116255071952104,-0.0387157143381215,-0.114433112458831,-0.0468365593416856,-0.112162929391861,-0.0548205685937805,-0.108159182982775,-0.0628789428200244,-0.103972837940327,-0.070569468796533,-0.0989132559830449,-0.0777888281296304,-0.0930492127627413,-0.0830630527526669,-0.0847541844628761,-0.0881606365263973,-0.0758775974597091,-0.0929555086390894,-0.0661326834602531,-0.096380313552457,-0.0552504332161894,-0.10122192595799,-0.0448763689284956,-0.106054252942058,-0.0347677306853613,-0.10993319327291,-0.0250439572018678,-0.113215195084288,-0.0160036204206792,-0.115958638224496,-0.00698402522810457,-0.117028909638778,0.00193659240413706,-0.115606629875463,0.0108469174518229,-0.115479941614838,0.0194260563747356,-0.116135756612375,0.0278569209036669,-0.114661580316455,0.0350102490954995,-0.110708484712032,0.0409532652253319,-0.108312233683167,0.0461230893111792,-0.106898591504205,0.0487704740070039,-0.103313046391407,0.0481988451783299,-0.100225570354624,0.0480033775809497,-0.096593780008801,0.0489717756077155,-0.0929347873249485,0.0472658617821739,-0.0896157087592397,0.0460208227817207,-0.0860471151754022,0.0459647356757744,-0.0826460972998806,0.0461144592584898,-0.0792982214829122,0.047505218815319,-0.0775925491089125,0.0512615613439191,-0.0744051512359053,0.056337398251201,-0.0688309557655288,0.0614232621126554,-0.0628996800995796,0.0698958564035959,-0.0557996051712117,0.0811079194414988,-0.0459164291923684,0.0900717971152524,-0.0349028871475594,0.09501321219298,-0.0241863331257193,0.0925747661885884,-0.0142967947848941,0.0878586147760484,-0.00787474020362579,0.0830860992445831,-0.00330207436978153,0.0802509848607726,0.00120968374170643,0.0772376301841634,0.00682336495963782,0.0727673759825601,0.0136508117462742,0.0678618467754157,0.0208949787723865,0.0610733459015787,0.0306173023128348,0.0561474260069846,0.0408047045017722,0.0532942552306461,0.0496952850122617,0.0565029726728087,0.0570168905702202,0.0597964832943245,0.0624280411142621,0.0627089689834212,0.0665762155312243,0.0663421631917949,0.0697645363959249,0.0717682973285664,0.0746632685777961,0.0778684283318122,0.0834463254360751,0.0800544921979434,0.0908845780223826,0.0810554805321936,0.0996193084120295,0.0809163689899821,0.10596889974244,0.0852198344513213
"MathTeg27",0.105797872804636,0.070979616517299,0.105357571846654,0.0631839512197637,0.106283718626079,0.0554727324196087,0.106931119765424,0.0478451425775684,0.107160249681287,0.0395153669049538,0.108650690048703,0.0311233145263543,0.107232067520895,0.0225966927678066,0.105987977522125,0.0137572618272163,0.105007808003178,0.00513771244008804,0.102819468033021,-0.0026007397449789,0.100508608975233,-0.0103862817491676,0.0988153222670434,-0.0178843051675173,0.0960333762632488,-0.0248028611343058,0.0938607257979969,-0.0317769130473458,0.091884258461399,-0.0387106563220176,0.0876791241467211,-0.0443952989203556,0.0842723149835655,-0.0511959428400519,0.0798236156337371,-0.0578352089984077,0.0752166547615054,-0.06448913392393,0.0699109605692153,-0.0707858888765487,0.0635969751724121,-0.0761163379829812,0.0572340002549687,-0.0814430637366118,0.0515584702225043,-0.0875444968396043,0.0444443999921619,-0.0917965665575315,0.0369573527714724,-0.0956936028099269,0.0290893326961172,-0.0989804977710717,0.021152756094935,-0.102118896897238,0.0132570421944487,-0.105299245723666,0.00514578519511492,-0.107920346562917,-0.00330041503216741,-0.109192097101576,-0.0117619390324091,-0.109984004610968,-0.0200553255855234,-0.111008504286971,-0.0282380662622732,-0.110846504665148,-0.0361832873705098,-0.109642195792086,-0.0439718199936364,-0.106656542283246,-0.0512224929847986,-0.102013465174262,-0.0582834258535742,-0.0963575940784458,-0.0655142845987377,-0.0901409002622255,-0.0726160963586684,-0.0833269088167534,-0.0791190275399716,-0.0759545555373223,-0.0852330523114428,-0.0677701414776567,-0.0909215690686309,-0.0590862289955038,-0.0951553161253884,-0.0497378765665291,-0.098277331756194,-0.0401132188407443,-0.100908368074571,-0.0308078275205278,-0.103193576375227,-0.0220293500683417,-0.105859442806559,-0.0134262841965077,-0.10959478386246,-0.00550871500071664,-0.112491921340584,0.00214530119396221,-0.11309664173736,0.00971955629132307,-0.112263485856561,0.017645618222755,-0.111379331569495,0.0253143080897038,-0.110568214007373,0.0329153758827306,-0.107608490287473,0.0386790647125217,-0.103470022554858,0.0422298191916586,-0.0994871719558761,0.0458502198322449,-0.098382643330429,0.0501895287632851,-0.097298310702044,0.0559417461575676,-0.0952870494993203,0.0601223469330252,-0.0942985283241674,0.0626309016380397,-0.0928992605823359,0.0643417556488515,-0.0906294649448581,0.0641694097167542,-0.0883789545502198,0.0652263820736048,-0.0874444424548445,0.0679770217470431,-0.0860542215782329,0.0719392208422748,-0.0829111451617299,0.0755649579346093,-0.0766976982849596,0.0791622414016426,-0.0672629509245532,0.0844818629248059,-0.0553676877059273,0.09023956772724,-0.0426887133157984,0.0963727331386157,-0.030574198159854,0.098906873051669,-0.0195289799758285,0.097377207005318,-0.0112013405821548,0.0955247721045202,-0.00502487713861783,0.0939726368847433,0.00114254863001075,0.0923369302144602,0.00818768727827908,0.089640984905273,0.0157801021883554,0.0856367048010527,0.0243611814921248,0.0795712910060021,0.0342976911748982,0.0722554983987715,0.0443055969641403,0.0646379902558738,0.0510697125989399,0.0575369953700038,0.0558265213079815,0.0530694341879699,0.059534886504893,0.0522556785899655,0.0625298315668613,0.0542488738376372,0.0655001821903444,0.058099797866964,0.0713136919683916,0.0618163104169255,0.0795085098000459,0.064715122114437,0.0864384166790672,0.0664041304790105,0.0951267912076225,0.0687426629583245,0.103086678320915,0.0707056747048627
"MathTeg29",0.102956843355891,0.0765565315504018,0.107603256884277,0.0681711299171071,0.109073473566377,0.0597248075623739,0.108561052725353,0.0510586312502026,0.108636058333896,0.0416320902665561,0.108636880442229,0.0319601575019955,0.108680820643192,0.022106771180652,0.108630224735929,0.0122177059161395,0.108258846542814,0.00274414981560913,0.10687279877671,-0.00579429787246679,0.105352874643402,-0.0143003054112979,0.103385660883094,-0.0222367023150674,0.100010258117053,-0.0294188444819259,0.0968727054052182,-0.0366931090658561,0.0931024433905675,-0.0438973908274969,0.0897796280968298,-0.0510305494940037,0.0854338118716837,-0.0580492238192998,0.0797095734812843,-0.0646729312780317,0.0741838796790037,-0.0715217204477586,0.0685142647829281,-0.0783919428874161,0.0626778885732605,-0.0849763290561687,0.056975594516021,-0.0914778008144645,0.0509738492165096,-0.0975064639746705,0.043925476107444,-0.101974210357354,0.0368761499354167,-0.106292416705134,0.0297746614516979,-0.110216259045942,0.0222966483599203,-0.112886833304502,0.0144441352716836,-0.114316619573812,0.00661681042074694,-0.116479080384283,-0.00124203739562754,-0.118412056124763,-0.00916264263256351,-0.119069182123953,-0.0171106913872906,-0.118132257791513,-0.025138227821504,-0.116071045996955,-0.0332728253475025,-0.113875703416852,-0.0413901907694469,-0.110611804312099,-0.0483626848230269,-0.104844909825895,-0.0549773306815134,-0.0976329393319091,-0.0623087899794537,-0.0901124227235672,-0.0695975224009753,-0.0818868493362907,-0.0762674651178355,-0.0730943170965191,-0.0821461698153637,-0.0631927033333369,-0.0872387634154767,-0.052451901742148,-0.0922610994782453,-0.0418799877162215,-0.0968966069226278,-0.0316823285067278,-0.100244509632465,-0.022053431788098,-0.100454603337013,-0.0126059132639421,-0.0980729613905682,-0.00293556710672118,-0.0984661189182956,0.00676747113535336,-0.103308193325624,0.0158543297664996,-0.109293792538691,0.0244821667980007,-0.112942154567374,0.0339634715662626,-0.112083643334631,0.043327560071596,-0.111051412162402,0.0519616408908606,-0.110060112921697,0.0586386352137417,-0.108237196846336,0.0614011834849296,-0.104577053315388,0.0608472663610298,-0.101628070900299,0.0602222717786674,-0.098378353831753,0.0596158542180743,-0.0958906828788971,0.0569037110615055,-0.0937794229388715,0.0542293574179696,-0.0915475094738241,0.0524714689904775,-0.0892059852703001,0.0521913604960142,-0.0865509362440756,0.0539353008135273,-0.0831304002069356,0.0556168697728287,-0.0804310903344938,0.0591952411275338,-0.0808421815618417,0.065776167674497,-0.08118531898816,0.0755027980625633,-0.0781643682570207,0.086697875927551,-0.0700409074533505,0.0947278089072661,-0.0571010513203605,0.096903216967055,-0.0434496396647661,0.097653320709517,-0.0313325299524815,0.0973914552628298,-0.023463573436872,0.0948400813306988,-0.018276021953389,0.093353603698389,-0.0141389919442301,0.0906015621965208,-0.0111971284033038,0.0839662991839457,-0.00787551339507911,0.075453527059805,0.000282613898542561,0.0681793573402057,0.0122607663930198,0.06177603058757,0.0242764384365821,0.0540846558805349,0.0337855913673149,0.0485994075078031,0.0379661047587054,0.042363915902964,0.0427230760636593,0.0421914035802357,0.0474237384786946,0.0451393261688446,0.0537922899789864,0.0483091474925023,0.0625999661685905,0.0535115747384937,0.0749101216319167,0.0560632744943453,0.0845931406139785,0.0592706080297706,0.0950316233696538,0.0656582720154566,0.101247207070884,0.0739023008690328
"MathTeg30",0.103467372878728,0.0883993675570067,0.105237712150373,0.078278334688939,0.105828038890319,0.0691257216423136,0.104074714020416,0.0607288297783458,0.10591376557661,0.0517506492076673,0.106569121193539,0.0419831420934239,0.106520972283509,0.0317322901603493,0.106076573616034,0.021241478751654,0.104090598177648,0.0111065524562012,0.102392434499745,0.00157327326727355,0.100651297210117,-0.00804626578580531,0.0986623324176756,-0.0170926904750994,0.0971062227746773,-0.025965487961931,0.0947991381168959,-0.0344794022327868,0.0914331985731007,-0.0427308822014234,0.0874893129739894,-0.0504850245209069,0.0832767804403576,-0.0585257725476276,0.077948535532346,-0.0661855426873195,0.0728788465764619,-0.0739491360493459,0.067463083921757,-0.0813872985626477,0.0605681207277757,-0.0871432172018743,0.0525923465293484,-0.0916095487462101,0.0452045388649314,-0.0972278255445753,0.0385978578930358,-0.103615202874707,0.0322432858391686,-0.109853117668104,0.025339731876415,-0.114822036051508,0.0177341373830424,-0.117999859181926,0.00912439089701147,-0.118616500976912,-3.49479207926969e-05,-0.119536015177036,-0.00939544489119975,-0.121098708628805,-0.0188754201740048,-0.121745701821214,-0.0284108114378347,-0.120842190540648,-0.0379778360588093,-0.118938404902718,-0.0473345876533968,-0.115741124466431,-0.0568543736497064,-0.111579987508029,-0.0657693930113072,-0.106129718487806,-0.0738875820722214,-0.0992120405755261,-0.0811091533891356,-0.0907483204692224,-0.0881512083501564,-0.0818433806727866,-0.0929736695577168,-0.0716308060893429,-0.0958323281618411,-0.0599271081738164,-0.099007337319342,-0.0480373683324752,-0.105025658756338,-0.0375793781587987,-0.110667383311886,-0.0278222100604461,-0.112560970865076,-0.0181096711892629,-0.109282118246766,-0.00841923707685094,-0.104313054280151,0.00176685608507235,-0.0992547375673834,0.0119609192663967,-0.0930196208401366,0.0206657827493404,-0.0860079505956742,0.0272721188821472,-0.0817847938542897,0.0349411619770651,-0.0821058333202662,0.0429416970835603,-0.0842751937566313,0.0499236714821372,-0.0843825676852801,0.0548050581190756,-0.08156207400868,0.0557690355902354,-0.078384197277012,0.0538153017254655,-0.0773321219871038,0.050931416415035,-0.0779291099954386,0.0468303805811899,-0.0795793789730299,0.0426442739214587,-0.0801597995066295,0.0391705030862689,-0.0798874687373555,0.0359411108835617,-0.0804453540811425,0.0333740851307761,-0.0799457703945904,0.0315906815056247,-0.0782992079403538,0.0316349344809151,-0.0757180800298158,0.0340926503748349,-0.0728324625349201,0.0396312797144015,-0.0719027337910053,0.0493787037032222,-0.0730390212497826,0.0629673642020738,-0.0707603985734796,0.0762008885349946,-0.0610102418208855,0.0848882545358638,-0.0488349902181999,0.0903216759589201,-0.0362042449717033,0.0929455940287669,-0.0261547737400674,0.0946665134782668,-0.0183759012178983,0.0961028779621131,-0.0106372534847051,0.0974763489223451,-0.00208017096529108,0.0982061093187285,0.00703193537628035,0.0961015621236047,0.0177126889171491,0.0917839809651127,0.0301194383522726,0.0862293241878305,0.0428681527138743,0.0803997283306778,0.0521984929768058,0.0740909844160261,0.0592121920810728,0.0702519696965771,0.0647240480676542,0.0701307908853338,0.0693763490919602,0.0718359505937221,0.0742878148965261,0.0746123171324991,0.0803996275976774,0.0785238318351762,0.0868839907134495,0.0811676616897332,0.0918797368645301,0.0786720043551753,0.0975550342273113,0.0813130504607796,0.101731706529739,0.0870784975639694
"MathTeg32",0.110302809973687,0.0829506916656257,0.109103958544679,0.0752134189525194,0.110614687668997,0.0676475237563284,0.108910864215843,0.0600418685577174,0.107939830433084,0.0513645855503609,0.106671985840238,0.0423669604881476,0.106139625794048,0.0330376596409241,0.105563611645858,0.023568212365232,0.104054537046526,0.0144577563183622,0.102501965495624,0.006084393511682,0.101498473461987,-0.0023826881726752,0.0988366099684868,-0.0101293060909901,0.0965000638634516,-0.0178165744174788,0.0933280516506627,-0.0251693659039947,0.0897583876637083,-0.0326251529934544,0.0865086088137638,-0.0400047293700753,0.0821438967869286,-0.0473246559924677,0.0776913947906282,-0.0550529539334518,0.0724526145340637,-0.0622634411796717,0.0661691795040696,-0.0688795751485224,0.0594231589587129,-0.0751393652840176,0.0527899150972999,-0.0815380924776168,0.0455264532444893,-0.0873384104602958,0.0385390187624159,-0.0931901467179363,0.0307638439530097,-0.097543628764117,0.0221724632358739,-0.100345212581406,0.0139582623100277,-0.104176065527857,0.00540638351547137,-0.107180100569631,-0.00355363143391929,-0.109321347976353,-0.0125891827245306,-0.111210373851807,-0.0215087914720882,-0.112773313231141,-0.0302409275555496,-0.113923031566534,-0.0387012577021469,-0.114355348038058,-0.0467977578913204,-0.112787207070661,-0.0547953003251065,-0.109299511757101,-0.0625516797778866,-0.104940151185138,-0.0696998608463813,-0.0991934995550231,-0.0772742662022858,-0.0935536138867932,-0.085354838840713,-0.0887171629274668,-0.0918508808263848,-0.0829105901415529,-0.094914943126343,-0.0736467869002415,-0.100976176527594,-0.064993292566959,-0.105133570486501,-0.0550402604791509,-0.106765205801951,-0.044018663474977,-0.107379222871395,-0.0329127611497636,-0.110221774813309,-0.0225360346867126,-0.111886353677181,-0.0117799007431759,-0.112244901534943,-0.00111434183463141,-0.113578797500376,0.00867936068806839,-0.113414643158052,0.0173873109270994,-0.112990926285471,0.0255888851721281,-0.109692379582429,0.0325033320111648,-0.104207221454232,0.0386000670823739,-0.0991315497837872,0.0431801160430568,-0.0943083043466868,0.0453813288131683,-0.0900725767080405,0.0478395403787765,-0.0880384440372088,0.0508027507804629,-0.087314576097459,0.0551930916933406,-0.0878471289545801,0.058786313139663,-0.0864271912057579,0.0607656108838048,-0.084486997057823,0.0627431195387534,-0.0824078799510761,0.0640187991789146,-0.0794613780973144,0.0630163647909449,-0.0756290951415973,0.0622544516986111,-0.0700578791131685,0.063510728573796,-0.0639870643040963,0.0663019401991839,-0.0587173064659899,0.0723674639752337,-0.0586836212350682,0.0828178296363278,-0.054142691932266,0.0920474417824382,-0.0450931857275359,0.0972505013870566,-0.0363579720035956,0.100160596961415,-0.0282111427185097,0.0975202479503255,-0.0214793632096318,0.0955340888761308,-0.0161848512799032,0.0944424280187977,-0.0108620126630879,0.0927367865219059,-0.00491260933075082,0.0888018356025397,0.00208290776072658,0.083750140670207,0.0111711416524272,0.0779458024905523,0.0210300691301193,0.0700617071709859,0.0292511657268777,0.0599501180839979,0.0372511090582071,0.0535615333336393,0.0445918246789384,0.0512944081043478,0.0507763767096039,0.0522882036930231,0.0565250384856099,0.0539139639710101,0.0630220780315259,0.0562538613350706,0.0715899858522244,0.0605620601859354,0.0814674444557685,0.0662852200656373,0.0893676174620452,0.0704014030991569,0.0987471207702228,0.0762749080134915,0.107203993785978,0.0818400627936264
"MathTeg34",0.108238340660052,0.0728258796952518,0.108630232618067,0.0658240556878812,0.110281444107984,0.0593112671925838,0.111509878033885,0.0531558920129424,0.11015437593872,0.0463231362226316,0.108203223503725,0.0387458799857921,0.106117713986778,0.0305421725612988,0.103848082405958,0.0218691725449691,0.101894205963591,0.0130849025602584,0.100439300109302,0.00462000621175946,0.098620970229636,-0.00395034118861465,0.0972325038561757,-0.0121126423169802,0.0946297414233912,-0.0198300155279327,0.0910490058817003,-0.0272234054771046,0.0873670871590058,-0.0348299577211381,0.0837503117161543,-0.0422930849826016,0.0798315376086192,-0.0499289624225348,0.0740801199981719,-0.0565835061104136,0.0683730614540007,-0.0632460550785314,0.0642561455257025,-0.0710115086424298,0.0588032778736916,-0.0773409627814457,0.0513781513072636,-0.0816640023149878,0.0436452959877844,-0.0862288063423767,0.0368752261486506,-0.0922742366916376,0.0297632168108266,-0.0978610491636422,0.0219840930817606,-0.102312829160871,0.0138624619120627,-0.105990409636012,0.00611458185198559,-0.110208794606874,-0.0018192124691773,-0.113744017084525,-0.00973623756774589,-0.116680349847631,-0.0171909547583541,-0.11958373573638,-0.0242851073998365,-0.121829846905922,-0.031187071173267,-0.122176568972793,-0.0376571021497633,-0.121246399447071,-0.0435511511528107,-0.117758133198019,-0.0488024933906136,-0.112303145454183,-0.0544923528074515,-0.106405953509878,-0.0585340409365313,-0.0981846512180185,-0.0630949468289271,-0.089243707872967,-0.0675921154647085,-0.0797190277920715,-0.0728085748609804,-0.0696820719147943,-0.0790500011009378,-0.0597614901783049,-0.085238645793765,-0.0499574029179964,-0.0915265034931114,-0.0407300530560382,-0.0962826373929342,-0.0315411829602671,-0.0988476976094255,-0.0222291522376931,-0.0994595976491171,-0.0122493317450729,-0.100787021491883,-0.00234697263510372,-0.102843668087204,0.0070163708043946,-0.103918719811418,0.0157473222098519,-0.105172800302384,0.0243300510686868,-0.106782805344145,0.0320056745260356,-0.106547176987122,0.0395286944426153,-0.106247887478114,0.0457574910226681,-0.103141589583062,0.049749952717648,-0.0998940627237357,0.0538056764135321,-0.0990102184769584,0.0580468138050246,-0.0971547785650483,0.0630469340478176,-0.0932905840024768,0.0657274282270724,-0.089746963228032,0.066855538413376,-0.0860708002024818,0.0682044851843117,-0.0821702496261717,0.0685651294317832,-0.0774934427682444,0.0693265589778078,-0.0727795309945382,0.0708494104351049,-0.0676374666837326,0.0742623087949024,-0.0655772699139001,0.0807144569114673,-0.0580257465674008,0.0836664441772478,-0.0518497190149197,0.0922081861800942,-0.0437492763329826,0.100290663852121,-0.0341192779102721,0.104939976911051,-0.0254353093991746,0.105151225568834,-0.0186083436448648,0.100892136419144,-0.0143204080455556,0.0965212737269145,-0.0116394695604951,0.0933503787471224,-0.00837625091814408,0.0906088257541108,-0.00469476693134759,0.0862103547405193,-0.000397283363716309,0.0811651290647869,0.00765883052901475,0.0785324599898993,0.0188575513983009,0.0763453142099746,0.0317776267667987,0.0746682184830333,0.0430099586853722,0.072890798504757,0.0517886344077366,0.0718914019840585,0.0579902597330989,0.0711571961577707,0.0629265527441388,0.0712852915320066,0.0680824658176066,0.072521513863203,0.0751769700251003,0.0737419800898013,0.0838532612366983,0.0738091355003724,0.0908029115783924,0.0732802904499853,0.0989405749315439,0.0726017934195388,0.105848680999657,0.0726200320647023
"MathTeg38",0.113130923183166,0.0854182725253833,0.111954825936783,0.0782131384597428,0.111334400015253,0.0706387890515373,0.110943550975763,0.0624807725204663,0.110918745494651,0.0530417901609474,0.111053122544872,0.0430454490062023,0.113566713652496,0.0330940767840982,0.114782367293746,0.0228159884909516,0.11407718145972,0.0127586299850296,0.112987577564629,0.00346172871782577,0.11015557908671,-0.00559657176069874,0.106298180635864,-0.0140980913175796,0.103356795987126,-0.0228365248792362,0.100359461159955,-0.0315327521942805,0.0972581378249698,-0.0403716904141172,0.0938065409641651,-0.0487532784369081,0.0886895017360174,-0.0568164786023711,0.0827134157301267,-0.064890192406865,0.075853825474947,-0.0723447280055713,0.0689032215399498,-0.0799680845712826,0.0614922123120144,-0.0869784264114506,0.0532297734200172,-0.0929232764366122,0.0446105939304218,-0.0985553602036783,0.0360687459998502,-0.103931207348941,0.0269871608604844,-0.107871650951738,0.0183909078674052,-0.112339548452313,0.0102051159756398,-0.11685338843381,0.00205035162358315,-0.120508880659397,-0.00599991713388628,-0.123181433486573,-0.0140675299953558,-0.123254607050904,-0.0219570644268785,-0.119839203095998,-0.030576933325228,-0.117030769311609,-0.0399573594872317,-0.116045016907005,-0.0490815858394282,-0.11420329422224,-0.0571292414614165,-0.107938248355807,-0.0653410339595317,-0.100307223694717,-0.0736485674763869,-0.0917297079927417,-0.0816929409615939,-0.0820082258301957,-0.0900508739063386,-0.07206979188309,-0.0977630886296928,-0.0620500128216303,-0.103454195917604,-0.0505358350123614,-0.108485238285127,-0.0386992154714152,-0.112074954454968,-0.0271215564830007,-0.112013646685888,-0.0155835310994337,-0.108448170889055,-0.00464991896915948,-0.105373198421109,0.00588483790166471,-0.103346890681319,0.0164957758291745,-0.0998408222721505,0.02587932310042,-0.0966231097745007,0.0340460365599946,-0.0969864445404973,0.0416092342878505,-0.0979794334847301,0.0478497760205128,-0.0946377143027803,0.0510605787446274,-0.0899940177660194,0.0508206925251355,-0.0881162351276065,0.0475582905683237,-0.089030220086978,0.0428870405404679,-0.0900637162741608,0.0373969820957467,-0.0898264630429639,0.0333954315007,-0.0881562717920086,0.0294662940393481,-0.086339328416378,0.0268519753965159,-0.0837513062378724,0.0266394625802098,-0.0808777363796436,0.0276537649495818,-0.0780590091937868,0.0288348826314328,-0.0754636687989413,0.0299296347287886,-0.0762608803392724,0.031414344205194,-0.0796330872004463,0.0332910871163746,-0.081619665973827,0.0388246793931644,-0.084533079452537,0.0482630833676336,-0.0843921273111016,0.0618313087572125,-0.0802159056324625,0.0760656776200212,-0.0701013427439984,0.0867964561883483,-0.0576594995716602,0.0926999322188716,-0.044919091734902,0.0939028361570531,-0.0353080539645716,0.0934345816171017,-0.0284331746130716,0.0921943412149692,-0.0214811098676399,0.0900645953456004,-0.0129974583663807,0.0858496123050695,-0.00444206361163278,0.0783746976470467,0.00542148209299683,0.0682276318368599,0.01919403693833,0.0597533891012444,0.0342133059359448,0.053444522892998,0.0469169135511652,0.0520413260242404,0.0559644121253483,0.0526724388436508,0.0613087186194648,0.0545047809924159,0.0637752340320098,0.059614776618626,0.066336239622578,0.0665260736420938,0.0700935700098897,0.0751875946107952,0.0799645719094011,0.0799422964895809,0.0883037065719288,0.0837968195211546,0.0994778844320025,0.0854950255284881,0.109750511553237,0.0849172403078027
"MathTeg39",0.109833561517475,0.0741503064870055,0.110486034160353,0.0666681227231328,0.112046730009893,0.0593969072834086,0.112203059210423,0.0522518272002076,0.111772399160154,0.0444410117695511,0.111258480661973,0.0363076754346523,0.110810240538196,0.0279764917757098,0.109538109243374,0.0195702738430609,0.108245721490185,0.0113406574729781,0.10626388939268,0.00376578686069026,0.104234369196543,-0.00396213111454165,0.101546514209891,-0.0111718964732099,0.0993182970821602,-0.0184413656908914,0.096085599814432,-0.0253226402549169,0.0922348394416249,-0.0321926063738045,0.0891539011327747,-0.0393343218866362,0.0852892819504491,-0.0465655515696647,0.0809728678248126,-0.0538346693042964,0.0753722110556565,-0.0602813769005105,0.0696661334911297,-0.0669442663655598,0.0636846526108452,-0.0732378400293607,0.0568095492389528,-0.0785972575661427,0.0503155382832978,-0.0845580046976214,0.0430366995697778,-0.0893639822340017,0.0355649275716189,-0.0937278002806937,0.0274559111182006,-0.0967040872635411,0.0189357507933751,-0.0986547188228226,0.0104559579339057,-0.101043538976425,0.00186545419826428,-0.103460234335684,-0.00673708724714235,-0.105640960285718,-0.0154516806256518,-0.106358702120526,-0.0241566896803453,-0.105832671527304,-0.0327953722907537,-0.103214537648954,-0.0417488143208821,-0.100905927470264,-0.0509932341241587,-0.0981150946559622,-0.0597460824794501,-0.0941986922791523,-0.0675246775267754,-0.0880942268197657,-0.0756361603246664,-0.0817782749757215,-0.0832590428091463,-0.0746751412326692,-0.0891704544380906,-0.0660816687564454,-0.0951339912317848,-0.0570557752517269,-0.0995640015672331,-0.0470210905315613,-0.102058310780031,-0.0363029282092614,-0.105721157856767,-0.026285343824482,-0.109001455128926,-0.0169694398027078,-0.11207314813538,-0.0086618004000284,-0.112361011791449,3.74859390401463e-05,-0.11105543529125,0.00857582941959824,-0.110473994518572,0.0163848171677203,-0.110262833726931,0.0229414128977864,-0.110425754793316,0.0286448940402193,-0.112994118010069,0.0327093739368772,-0.117303114044547,0.0350487944559902,-0.119049177239067,0.0381160441373931,-0.116369979767713,0.0411083318247406,-0.111814681949735,0.0442891334631027,-0.109899280175319,0.0482068472328179,-0.109318100007778,0.0536684711879423,-0.106472233995334,0.0570843915083031,-0.10334691326544,0.0585379190463754,-0.100190364438466,0.059262204014554,-0.0971908554715769,0.0581407160573542,-0.093812806122539,0.0561490813107515,-0.090365798840117,0.0550755622109042,-0.0867040233048093,0.0577034839128249,-0.0840205487534887,0.062259973756262,-0.0781559585972892,0.061873036416534,-0.0677559001450531,0.061291117693494,-0.0546914300909908,0.0652381320927652,-0.0393243731636488,0.0640004221174118,-0.0256691936403212,0.0648650311732105,-0.0160715337917351,0.0721970141884737,-0.00885880929777787,0.078375304924158,-0.00363119185703367,0.083378566562037,0.00164802041160978,0.0873492135602412,0.00746454657665787,0.0888923645496287,0.0133922083186822,0.0856470739133494,0.0209038776123792,0.080220715119535,0.0321536367853379,0.0791057849164608,0.0442736484731427,0.0793229387221236,0.0524944138151918,0.0723231374355804,0.0589073630719863,0.0661475771675917,0.0641138153886877,0.063314606096276,0.0685568293413753,0.0626714505396731,0.073335227013222,0.0633362353059282,0.0796719444878667,0.0654628736280587,0.0871531320215712,0.0683561044530966,0.0933686352220324,0.0696796068293341,0.100937376027332,0.0714983618917102,0.107402299602952,0.0741314145085886
"PrasTeg01",0.111885415086735,0.0636818692017806,0.113867748635754,0.0596220288288985,0.114543040607958,0.0554762799629848,0.114192654282596,0.0510300473713391,0.114112375272411,0.0454769053049086,0.113873337104602,0.0389774070127824,0.113534173949193,0.0317857599471807,0.112954558020021,0.0240382236662926,0.111532323384425,0.0162495083735553,0.109646168333434,0.00874880837059105,0.107767142612984,0.000932490830760279,0.105466963497982,-0.00646561195720575,0.103433562217986,-0.0139294841998034,0.101031817711609,-0.0212172771348292,0.0970421812249016,-0.0280046268949275,0.0944186920752902,-0.0353694208846643,0.09089282217359,-0.0428224038445516,0.0861934393494663,-0.050020494879476,0.0816534942234828,-0.0574862323710568,0.0762005285710158,-0.0645117221180682,0.0695570609470654,-0.0704787540158674,0.06294385122547,-0.0766707827079719,0.0560339254793175,-0.0827135721282271,0.0483925893645192,-0.0876740536272209,0.0400131030949934,-0.091448149603398,0.0315821519039057,-0.095334976505182,0.0229571959878527,-0.09877838258359,0.0143398665926472,-0.102222491409181,0.00537065899748259,-0.104812844433488,-0.00372333079588021,-0.10684777850648,-0.0128971139209307,-0.107676653145664,-0.022040481455449,-0.107839516386591,-0.031056764873011,-0.107373229039112,-0.0397652281704284,-0.105405008446802,-0.0485664710990703,-0.102617448969744,-0.0571242161841376,-0.0996529741215389,-0.0648461510547293,-0.0950799755457923,-0.0717487698352949,-0.0891054350422384,-0.0771007920834923,-0.0811701686801354,-0.0815022945655892,-0.0721710221922919,-0.0863266264763486,-0.0625830219524626,-0.0916106559205804,-0.0527815024118356,-0.0965180823174043,-0.0429292561055862,-0.101426895130278,-0.0335162939558551,-0.105537298757218,-0.0245875328201693,-0.109300670467107,-0.016468056109528,-0.111934561038435,-0.0081143435114141,-0.113669559961479,5.8343221201647e-05,-0.11420400816118,0.00792697599894306,-0.113277096668589,0.0152785939732536,-0.114341173732504,0.0225400491820727,-0.114010376716543,0.0288436831244341,-0.110130390744678,0.0343170943290488,-0.109943420104171,0.0403078984763246,-0.106798386189872,0.0435627725717632,-0.101935997386325,0.0455179424573206,-0.0978622884721736,0.0465165881341075,-0.0929077902645389,0.0477669338110155,-0.0882222739068465,0.0482987158261628,-0.0847104183703454,0.0481916810738748,-0.0815676868825637,0.0497482441021942,-0.0787590868962056,0.05223777038687,-0.0758213687901684,0.0565773988061533,-0.0712968105028496,0.060464911120401,-0.0644115643284074,0.0649097209494996,-0.0589696012099052,0.0707669420797511,-0.0595559048869163,0.0800846500294904,-0.0584971137211011,0.0907830932397481,-0.0514855215105762,0.0973000037058017,-0.0402158507760615,0.0984921999657108,-0.0281904866801467,0.0960696090409574,-0.0176536709872493,0.090636157604545,-0.0111770614830113,0.0848782345133657,-0.00672654314083792,0.0811283270821072,-0.00318630746289888,0.0764604700175985,0.00152790542121458,0.0705074986757931,0.00905508425921678,0.0660376103381774,0.019754498681275,0.0629026288122738,0.0334297315575874,0.0617589063433904,0.0481440696409153,0.0627473101534212,0.0599862662594357,0.0658939006189542,0.0684779017577895,0.0690211199890311,0.0746940341600857,0.0693674175854611,0.0796829863128846,0.0687168842687381,0.0848179848061014,0.0684988215636884,0.0908921373028122,0.0687403250947554,0.0956277584855973,0.0727845667820988,0.0998398878815574,0.0713601290555722,0.104516316495925,0.066374984267805,0.109828861882839,0.0641479220369762
"PrasTeg02",0.113333619445869,0.0683316626615632,0.115057513666644,0.0623411327793652,0.114448922561957,0.0560650560037977,0.113059258899994,0.0495139948741116,0.111415743933536,0.0420608652653882,0.110410747833233,0.0339868113313924,0.109618436054722,0.0255408654628837,0.108809586661817,0.0168956148015395,0.108332543531339,0.00846888934665269,0.10663691837782,0.000797778515683827,0.104737509261406,-0.00694952447151063,0.102539391999443,-0.0142100871403832,0.0994586348760872,-0.0209459043585806,0.0969057090922949,-0.0278062470668138,0.0950069590636629,-0.0349864240262972,0.0926411555715179,-0.0417728895465172,0.0886458536630187,-0.0482112270781041,0.083537649169305,-0.0545036041734985,0.0786865780538204,-0.0611818337974557,0.0735388052999539,-0.0678496233368,0.067299689453526,-0.0735455541733553,0.0613954190624982,-0.079659739139003,0.0546292957021964,-0.0849488294518216,0.0471007642832805,-0.0891929262977079,0.0392432470037419,-0.0930012466874525,0.0311581824165798,-0.0965039306988906,0.0231297539599652,-0.100083416401922,0.0147853310620544,-0.102822129332875,0.00600678206858013,-0.104668881251612,-0.00293140136437254,-0.106230732634193,-0.0118558793447213,-0.10741580771368,-0.0208181637106969,-0.107339394968374,-0.0298030281412865,-0.106336157497219,-0.0386921410191359,-0.104592455359528,-0.0478087334330337,-0.102588632282583,-0.0563975942958843,-0.0991514639177091,-0.064624564564733,-0.0946888476896393,-0.0727363717490028,-0.0897673607007867,-0.0805263146171323,-0.0843669785586632,-0.0867469667336255,-0.0774446374052493,-0.0922553045501569,-0.0693695446275422,-0.0981124896786148,-0.0612781709651614,-0.102570986136996,-0.0525059328246999,-0.106312024172073,-0.0436684629848082,-0.108766372758705,-0.0349132227461885,-0.109458598698357,-0.0262108954553152,-0.109323262980916,-0.017161386987841,-0.109853864716855,-0.00811144819309222,-0.110503955643332,0.000601032445285827,-0.110178839821152,0.00871058030550733,-0.110598111537491,0.0168199426812137,-0.110838547276628,0.0242427610377434,-0.109811784883583,0.0312758667312265,-0.107729004774267,0.0369557688258539,-0.104431296329356,0.0403950390251138,-0.100526131720868,0.0431002230503449,-0.0971638801220159,0.0446812650389602,-0.0933626688367599,0.0470462335385942,-0.090488613270241,0.0496278604326778,-0.0887632896091747,0.0517068198034591,-0.0868684193419186,0.0540841615648572,-0.0853156168142617,0.0569395208272183,-0.0833332584914626,0.061059878469797,-0.0815271426160824,0.0658901390628598,-0.0767771683291962,0.0707820093024298,-0.0734625043824523,0.0777923114034578,-0.0702670590100033,0.0873766839218712,-0.0619824995286843,0.0959790688990362,-0.0501705164972218,0.102054648514201,-0.0369076107360919,0.104586311196335,-0.0251272501499685,0.100841919296545,-0.016102208281124,0.0926780826265881,-0.0102863873813896,0.0861150066270937,-0.00759896067028915,0.0811270925750055,-0.00458154967625632,0.0770288286265851,0.00133801069930614,0.0745547726699408,0.00729184624395416,0.0697915483463037,0.0159964542322957,0.066261890324109,0.0273806756988005,0.0635866244367872,0.0391570858878243,0.0589114113102332,0.04912493367548,0.0551864256267726,0.0568738146008206,0.0531833194093317,0.0622651900434355,0.0524908617662942,0.0666564019571641,0.0542294631551854,0.0715725415042708,0.056976608897603,0.0787989617814544,0.0601384904020412,0.0876071640342656,0.0636033855680555,0.0946400178755298,0.0659626605124885,0.103522874446988,0.0672598019701559,0.110829025234091,0.0685557254581621
"PrasTeg04",0.109069063105671,0.0622167886906488,0.109166499787206,0.0552093698988694,0.108518006909285,0.0484968175774799,0.107739286474907,0.0417550947815136,0.107419328434214,0.0342685499271046,0.107292817870851,0.0263749216719663,0.106579606202171,0.0182237615878818,0.105788397862415,0.00984436315179495,0.104617861129284,0.00165303582123766,0.103567132962335,-0.00605634176038704,0.102499329094005,-0.013843300240206,0.100638799960196,-0.0210364803426058,0.098535724722259,-0.0280486288598557,0.0962100588223773,-0.0349177616002498,0.0930593546745171,-0.0415783042055952,0.0896732314938595,-0.0479742510565209,0.0863952763827036,-0.0547786221410585,0.0819116772167889,-0.061090189145633,0.07682231240213,-0.0670657538502587,0.0714012914932987,-0.0729968839053242,0.0657820825336379,-0.0786473909441322,0.059707194801226,-0.0838101381709655,0.0532071484910478,-0.0886007095640043,0.0468559442093665,-0.0934175709636323,0.0399901719387843,-0.0972454101025215,0.03280033295364,-0.100390617111783,0.0254287493850383,-0.102965916807909,0.0177583583135812,-0.10465233841389,0.00991776947288407,-0.106309255761478,0.00194166088989749,-0.107458785912416,-0.0060974245443268,-0.107660077161206,-0.0140697787952525,-0.107870992557332,-0.0219713293472748,-0.106240758076428,-0.0299414287313044,-0.104383994090224,-0.0378414015644422,-0.1008871057865,-0.0454402158568291,-0.0962157853745889,-0.0530884644886137,-0.0910748075454091,-0.06039255230346,-0.0848777120438562,-0.0670449467607416,-0.0774967159095084,-0.0734670493474362,-0.0698398704315452,-0.0799071963862677,-0.061706443810773,-0.0856376359833281,-0.0528323721515006,-0.0904517678250765,-0.0436036744529942,-0.0959450169878135,-0.0352022144025557,-0.100909684472683,-0.0273159947807302,-0.105428446213017,-0.0201088021154343,-0.109140052100516,-0.0126787222893044,-0.111509519984217,-0.00505834865054632,-0.112590971361602,0.00250989865476174,-0.112475062758282,0.00973285091983618,-0.113698566422786,0.0168626620775576,-0.11523132838072,0.0232282502635453,-0.113389601167777,0.0296161201687559,-0.110881732204511,0.035283739370971,-0.108553330106281,0.0393278562692622,-0.10525284440639,0.0423750029131378,-0.102868520755774,0.0450286748104116,-0.100189590474008,0.0486442083351047,-0.0975260887710594,0.0513810370288696,-0.0959311785706315,0.0533911316916814,-0.0943497872821857,0.055837895563982,-0.0925137274541756,0.0583090185723018,-0.0903469546883116,0.0619579712752185,-0.087466008481103,0.065823117630775,-0.083576856261616,0.0708389235005403,-0.0820140677537925,0.0779052790960373,-0.076050499356008,0.0846147157448147,-0.0680078856217721,0.0932809602999252,-0.0592360873574138,0.100846872961372,-0.0505410692279835,0.102517833846614,-0.0444696357080972,0.094394617288973,-0.0355440973399568,0.0870009771025138,-0.0264861853304051,0.084602007988881,-0.0190187721646501,0.0845362912205723,-0.0113021795462859,0.084997806738588,-0.00242504999886754,0.0845122723098093,0.00702648231452026,0.0808703793136806,0.018678005156055,0.075779445750063,0.0329050299188764,0.0705199218210337,0.0473447990710596,0.0641831129986839,0.0592573918686016,0.059902681782587,0.0679742333674062,0.0572487129273639,0.0734387687409012,0.0549102221247962,0.0776205886018294,0.053985039307064,0.0817146025859866,0.0533745046365746,0.0868363909416921,0.0540378922046591,0.0923570363579488,0.0565780864614151,0.0969524264774079,0.0577933230268836,0.10266623167448,0.0594308004355661,0.107688424470749,0.0611497934436809
"PrasTeg05",0.0974277669001544,0.0781281346793673,0.0976982851915135,0.0696465156225505,0.0982205355761816,0.0614808862817746,0.0997222920116305,0.0536452732167223,0.101297204258948,0.0449933309413542,0.103329769505764,0.0360284880500059,0.104552395225414,0.0267705916209042,0.104605057111346,0.0173268682332267,0.10490985488163,0.00820341316207779,0.105149790822376,-0.000175666830610894,0.105019083599241,-0.00845684862093909,0.103234269921517,-0.0160976528532915,0.102430646658169,-0.0236931730320501,0.100188656086104,-0.0309065678039357,0.0984194447637423,-0.0384011752172404,0.0956282877787404,-0.045336588339496,0.0913639845660076,-0.0521465923427492,0.0867800574519858,-0.0593799455658566,0.0823002718056214,-0.0667908963607282,0.076667383385283,-0.073629647639113,0.0710925728370297,-0.0805081070968936,0.0647261862945372,-0.0866426376357362,0.0575338285592216,-0.0920845762745704,0.0499174640384601,-0.0969181322264566,0.0418261771487365,-0.10094623806147,0.0336495671454408,-0.104849142527899,0.0256746081766138,-0.108933035685357,0.017521273725741,-0.112350011212008,0.00892697558070947,-0.114592380745102,-2.29612106513941e-07,-0.115468615742089,-0.00906420740155085,-0.115162063217816,-0.0181650465410082,-0.114952068300737,-0.0272469540088923,-0.114079274977771,-0.0360961289172922,-0.112212902749637,-0.0446999086488854,-0.108008423175671,-0.0530669337154915,-0.102710244208714,-0.0609815790876423,-0.0960945690248376,-0.0689007215275188,-0.0886912171315098,-0.0763758268797266,-0.0803790173962482,-0.0831740110839292,-0.0715052705212974,-0.0897113386905658,-0.0619506852917051,-0.09650956710386,-0.0525034188890996,-0.102487748956747,-0.0430584140875717,-0.108050028114355,-0.034187819062138,-0.112264778340765,-0.0257598345049079,-0.114036144343893,-0.0172488937521963,-0.114759746153264,-0.00858143996872424,-0.114444759087881,-0.000118939214107272,-0.113616494275169,0.00760625476007155,-0.110287042502296,0.0140202193370189,-0.104708038073821,0.0198884055548497,-0.0983621473853852,0.0254056926497779,-0.0932580004489364,0.0323577853088492,-0.0920780540257262,0.0399664482010133,-0.0925192718179472,0.0460236539982638,-0.0902866488733333,0.0512008322719259,-0.0889062862668834,0.0554884720453633,-0.088871058419771,0.0611776921367616,-0.0874767553467026,0.0654875117436647,-0.0868703893704674,0.0681603008410803,-0.085697631896702,0.0708379687081856,-0.0841448148228047,0.0732679262706777,-0.0816392042865596,0.0758113888819303,-0.0810975243814731,0.0792754796270799,-0.0816054332385239,0.0839367747406198,-0.0805277096217915,0.0890113179480058,-0.0759022038724827,0.0943022070131996,-0.0687294154195122,0.101163028860538,-0.0588034089416817,0.106202519505509,-0.0462745314660048,0.106522762825334,-0.0336427749118847,0.104251597526471,-0.0222041734950898,0.100749366305748,-0.0143574415853561,0.0972512387729779,-0.0093910777601292,0.0939201815320366,-0.00445945934860418,0.091040417730015,-0.000844240690800252,0.0851045652618581,0.000903811661015545,0.0763576879339368,0.00521976230808812,0.0659734781029253,0.0135068556967154,0.0557277473170604,0.024753049238982,0.0479353594842778,0.035567781245824,0.0448032506019204,0.0440836141799548,0.044962507751687,0.0498430158217092,0.0471007303155711,0.0539265181766542,0.0498672857913856,0.0559352582014149,0.0553569604641075,0.0610980761900364,0.0616135967873652,0.0693273825223404,0.067069796252909,0.0769624522659328,0.0696058377756142,0.0866289424692286,0.0725565036815805,0.0943998788947166,0.0775814145171695
"PrasTeg09",0.110098738491433,0.0728361937000093,0.109717999855474,0.0660995699850808,0.109174573981752,0.0590947094785279,0.108391824547585,0.0517743374856413,0.109393630833817,0.0433754290224763,0.110892272088974,0.0343987504449478,0.11009294947563,0.0250714367183971,0.108061418278612,0.0155836400426737,0.10598182913917,0.00629791750319075,0.103581054320144,-0.00217209900191052,0.101254103155114,-0.0106854399132016,0.0991013487598592,-0.0187635848818331,0.0969111148917989,-0.0265250847631188,0.0945018433490429,-0.0339836714695202,0.0906300649776499,-0.0408958056264279,0.0865335800611374,-0.0474393039858573,0.082496375391729,-0.0544388623782613,0.0771183850477979,-0.0608837792695034,0.0712066819175711,-0.0669142786970612,0.0648212322985444,-0.0726728283222967,0.0576468068892486,-0.0775490558490575,0.0505600144962256,-0.0825953287230915,0.0434887009168198,-0.0877504463235229,0.0358706420503835,-0.0917454789902409,0.029104780134242,-0.0967592523749194,0.0227475131347788,-0.102024667194529,0.0162042421407413,-0.10659307666948,0.00928291399768507,-0.110133311483879,0.00201654810321641,-0.112654099041647,-0.00571863979619979,-0.113394528820467,-0.0136526309672574,-0.113275384810196,-0.0216749816049066,-0.112597176872522,-0.0297354330222974,-0.110478876351189,-0.0378143545925021,-0.107337895301417,-0.0463499773655122,-0.103613776231384,-0.0546776151097219,-0.0990090291992831,-0.0629030256981595,-0.0938301514891014,-0.0706012457104689,-0.0873659739250439,-0.0787824626043771,-0.0812830384457734,-0.0857809206087966,-0.0741397783943086,-0.0924893006023516,-0.0663831183512079,-0.0989107452686614,-0.0584171980617553,-0.103864705444869,-0.0499219755593484,-0.106753683801256,-0.0407844786215175,-0.10876242319474,-0.0318956661292131,-0.113015741571199,-0.0244937504538162,-0.117930827063403,-0.017557107428493,-0.119849533066043,-0.0096653395983963,-0.119331104018085,-0.00157363702100602,-0.117440944125845,0.00598279291723876,-0.113814780574882,0.0134827398992149,-0.108786040397742,0.0203982193328974,-0.103347306581203,0.027498998737182,-0.098345533710045,0.0330222826709048,-0.0958046123927257,0.0375338116591511,-0.0951495255724686,0.0421446098338214,-0.0954874245028753,0.0460518800199536,-0.0948837853964095,0.0508890702778999,-0.0934172044415998,0.0543770728012495,-0.0921679668113113,0.0562353064971083,-0.0903094101244201,0.0578401601391448,-0.0879480698158393,0.0590299123748428,-0.0851636111567374,0.0613519236910147,-0.0821675087156326,0.0643074760242547,-0.0783739786319655,0.0686770053838758,-0.0735011275729593,0.0735697821385548,-0.0679363633596511,0.0809288212064474,-0.0602341562336332,0.0896860481413626,-0.0507214464098903,0.0970446698667162,-0.0402990988631884,0.101450889605217,-0.0306754373779862,0.102026893674182,-0.0222600159401953,0.100123472691621,-0.0161055246780544,0.097883270354291,-0.0115054611910395,0.0964074953647564,-0.00749179293735429,0.0936446137687002,-0.00333463096304302,0.0882355636796236,0.00269808348620925,0.0821524556045692,0.0108651408008398,0.0747525121485496,0.021933973577602,0.0674266239226326,0.0323895712698389,0.0585531677612477,0.0407247884908536,0.0522200355720657,0.0452584152279579,0.0476648784989863,0.0495979255614785,0.0490936351973643,0.0537971260927677,0.0529479306661302,0.058525804720504,0.0585946017336204,0.0662086797012254,0.0654677456592208,0.0770284984067507,0.0710070739049298,0.0858056474860423,0.0741964885194848,0.0970127166012423,0.074702900855914,0.106800986547987,0.0731494171608482
"PrasTeg10",0.100998054681397,0.0802184761778774,0.105169659862521,0.0741759862831831,0.107754762533226,0.066858710465987,0.108254061952943,0.0584135934798619,0.108027225388977,0.0483216143118728,0.108181750181527,0.0373642688596639,0.108451245613803,0.0260120884166158,0.108662142360022,0.014563139356453,0.108661282308689,0.00362048981556579,0.107752227749215,-0.00630562124248411,0.106370302410102,-0.0160622622251353,0.103298435457973,-0.0249263291347846,0.100685180904056,-0.0336640965027003,0.0979556799414272,-0.0421997784176936,0.0946977681915134,-0.0506323446814489,0.0913516608564017,-0.0586622279571742,0.0874480606478521,-0.0667667302948029,0.082349082696596,-0.0744570092708716,0.0766597696805838,-0.0816434159585262,0.0700620096510221,-0.0881769775969365,0.0632987422925541,-0.0944503222193995,0.0564312368109883,-0.100428662079092,0.0487560135911385,-0.105311977311742,0.0406640478056902,-0.109222919796587,0.0333728661833051,-0.11414846856695,0.0257472265312766,-0.117991285310592,0.0175440351945394,-0.120061828401907,0.00924241385557371,-0.121696732518348,0.00053648348551269,-0.121660038700707,-0.00832836941669725,-0.121689759855812,-0.0170694638117415,-0.119641783210977,-0.0258067350434069,-0.116318605177965,-0.0347329216201962,-0.112199157066638,-0.0437371067830881,-0.107559560948471,-0.0525514167768064,-0.101287592745063,-0.0608959252024167,-0.0941256926825724,-0.0672737124083185,-0.0845076016303231,-0.0738184432140171,-0.0740042383948859,-0.0814920383380787,-0.0636998207161217,-0.0886671650481541,-0.0532213672644747,-0.0959338403608294,-0.0425928544303962,-0.102798181030885,-0.0318798707741689,-0.108723479983,-0.0215958567924545,-0.112977905653111,-0.011770344016363,-0.11419040854983,-0.00232773271345496,-0.114697108094576,0.00592183262586643,-0.117979163001592,0.0126956158705841,-0.119702852278454,0.018307915519458,-0.116957222293615,0.0226055053198081,-0.111462225671514,0.0246046949124936,-0.104780666920483,0.025247685494553,-0.0996398197674746,0.0281985378172104,-0.0977016864893256,0.0341024829847186,-0.0951149766260089,0.0363167849826221,-0.091839712920627,0.0325027972538715,-0.0861383066684286,0.0305458072665738,-0.0831958773216348,0.0289221483366835,-0.0818673066727322,0.0313297194895233,-0.0826864743476143,0.0341608442336521,-0.0844372064918359,0.0350696685006674,-0.0839188034650706,0.0373980128592345,-0.0850417894479908,0.039887696002223,-0.0884810149981752,0.0432557281141524,-0.0908321493999374,0.0488033473581114,-0.0957973028734494,0.0551384801412396,-0.100497414113929,0.0620035601621469,-0.09631359891031,0.0695577081588621,-0.0897539482046264,0.0813600174970921,-0.0851782659084285,0.0946284991975246,-0.0758194888984173,0.10038018928427,-0.0640450963365149,0.0975994984934593,-0.0517711284924673,0.0909289177580411,-0.0416068153355633,0.0874678443785465,-0.0336779206427222,0.0876096738752888,-0.0258251413734583,0.0865720223616719,-0.0169477292365926,0.0816571379133966,-0.00676804382243768,0.0743648953971318,0.00657375740301302,0.0661399565218723,0.0215099502899419,0.0560416034639736,0.0363457078074175,0.0470881375652559,0.0453326090046124,0.0394130983185618,0.0507914317898391,0.0373206781349912,0.0531095017696793,0.040765340919444,0.0534551990118907,0.0469045225544465,0.0546323748982302,0.0550535919034808,0.0576965324113591,0.0659258567784782,0.064630336416514,0.0757697937901903,0.0740537632963794,0.0790181069174218,0.0865910491945487,0.0817998051822548,0.097258893233936,0.0801469058471072
"PrasTeg11",0.111420458295706,0.0759216486240938,0.112050330303714,0.0678582490099658,0.112651627759035,0.0601131637199547,0.113275285344501,0.0526493973629861,0.113694985680682,0.0444696031606147,0.114271756947916,0.0358587820315589,0.114190129418349,0.0269269235515966,0.113370130183888,0.0177301476564166,0.112449199863022,0.00864387411098412,0.111375699430204,5.47180361949763e-05,0.10996600707185,-0.00865317914290479,0.108611643271552,-0.0169060361985393,0.107095757981893,-0.0250329284076555,0.105406548889283,-0.0330482666287577,0.103637266911689,-0.041092899653719,0.100976610695998,-0.0486859673310787,0.0966166529844268,-0.0560426252422467,0.0916314661936385,-0.0635524740569537,0.0863148062881785,-0.0710797656701769,0.080044932227475,-0.0782206997977269,0.073177599886225,-0.0848148043464943,0.0657413095741258,-0.0909391646046677,0.0578146655693886,-0.0967186831807609,0.049252884803788,-0.101508180060264,0.0404810653597539,-0.105888616351241,0.0315662809988138,-0.109845460559527,0.022666304331544,-0.113515487400496,0.0136417505457614,-0.116432666677279,0.00411728286491684,-0.117533736778867,-0.00556551114258929,-0.117926785287967,-0.015221262240878,-0.116425986799621,-0.0248835063596062,-0.113870119631649,-0.034437307974147,-0.109839180266447,-0.0437619137970592,-0.104477752346811,-0.0534393379416993,-0.0982049599828728,-0.0625443363333293,-0.0907566489562937,-0.0712182893813676,-0.0824525557844959,-0.078915694404396,-0.072758388219966,-0.0861671420764514,-0.0625500944535854,-0.0914132289221826,-0.051411337763202,-0.095180092898599,-0.0392182767840401,-0.0991980944933653,-0.0271564602035646,-0.10174909960084,-0.0153989062164856,-0.103541200481494,-0.00450055791928639,-0.106607802856003,0.00462862437120034,-0.107210212253109,0.0125521968440548,-0.103901991739345,0.0196794789123576,-0.104548196087212,0.026192913435543,-0.110745933754008,0.0303618594045651,-0.115215391969922,0.0340834621017754,-0.11225205229219,0.0385460749528782,-0.104684181117412,0.0395742158357332,-0.0967527409784732,0.0363498042365773,-0.0934973912769862,0.030080829391526,-0.0905969298038904,0.0296579966458335,-0.0909852712076,0.0346846056755818,-0.0931525777215496,0.0393139540089302,-0.0916049193608828,0.0448297807288995,-0.0892944399974282,0.0482643358468095,-0.0858673152851024,0.0476667934330186,-0.0821038171698615,0.0466057024424694,-0.080560428180191,0.0432451212412038,-0.0805899094795772,0.0371459210152134,-0.0791753301139275,0.0304536820609615,-0.0735255904867468,0.0250610806851987,-0.0675223585935252,0.0251858656261269,-0.0687278510734062,0.0304513854114973,-0.077174198046529,0.0393670909996553,-0.0808722886315394,0.0506623765023156,-0.0713918339128326,0.0586435581232289,-0.0576015756965722,0.0665471017756895,-0.044416831800778,0.0748886705336044,-0.0324745878990203,0.0764474778230292,-0.0245622897607907,0.0809201523328062,-0.0168993506534924,0.0863356631305598,-0.00733940261350527,0.0909705163633777,0.00352148780015639,0.0944328990572513,0.0167780658525583,0.0940682972859357,0.0319945666346543,0.0895038221992802,0.046931939372684,0.0815336877212079,0.058028571224102,0.0731859964991018,0.0681138838208266,0.0707227075047011,0.0748504509352274,0.0692546021040484,0.0796852699738825,0.0690058381286296,0.083771951036198,0.0685965736498891,0.0876582805504215,0.0716077626867978,0.0934042906133805,0.0710910349442175,0.0982906887216468,0.0720656961329567,0.104454146145609,0.0728573003308008,0.109538755804764,0.0755480394475297
"PrasTeg12",0.108129301309713,0.0669177640471611,0.108924797824787,0.0618139279824452,0.110982470339605,0.0570867692597422,0.110664715663453,0.0518949113220887,0.110253103731194,0.0455615300850495,0.110315208235515,0.0384128280516786,0.110324928863085,0.0307272169281701,0.110983616265347,0.0226656207542946,0.111171536546578,0.0146466632900908,0.110303305853058,0.00702143424513499,0.108763321380923,-0.000767752026645347,0.107230825740549,-0.0082550727449202,0.106141175105873,-0.015768301859307,0.103931544272919,-0.0230011328203059,0.100693802663543,-0.0301443676987419,0.0976880069377961,-0.0373289924813269,0.0940666355915812,-0.044724900673356,0.0895327904808003,-0.0520079672743102,0.0844487797784262,-0.0590499085245518,0.0792279887703746,-0.066198694790337,0.0732116144023637,-0.072566098568571,0.0665149030573213,-0.078285008348071,0.0599207156504081,-0.0842526421041497,0.0523002616579906,-0.0887325160890328,0.0444476140237609,-0.0929202714806465,0.0364659086415636,-0.0968699289982437,0.0285601462169071,-0.10073713241383,0.0202755789563842,-0.103513104648707,0.0121014129080796,-0.106641770518581,0.00364966708132531,-0.108415545485812,-0.00504584033282946,-0.10836511267091,-0.0137887619435559,-0.108143780661707,-0.0224227056860793,-0.105412739431924,-0.0313434550692482,-0.102150841560059,-0.0407543483498074,-0.0982528922324747,-0.0501481385922096,-0.0938918863815507,-0.0593759886953583,-0.0888942603101445,-0.068043051596535,-0.0825926617311809,-0.0764708048327855,-0.0758126686156857,-0.0831387010678774,-0.0675073631485437,-0.0886616134953977,-0.0577173099908676,-0.0956495837167068,-0.0485351912788058,-0.101841975327977,-0.0391164180419828,-0.10636097165505,-0.0292414353814059,-0.109089096505493,-0.0192961159944353,-0.112488887132571,-0.0103500052573721,-0.116144830129983,-0.00169178278955846,-0.117010275006676,0.0074337307556499,-0.117237804201781,0.016332717301143,-0.116569556535372,0.0246201902344145,-0.11515672091241,0.0328683994921274,-0.113631222813324,0.0403976169690828,-0.110937839209798,0.0471982855153372,-0.106698850413352,0.0520048706198003,-0.102587468758795,0.054988626002369,-0.0976800438643873,0.0566977345542586,-0.0940662063303542,0.0579934206767889,-0.0906950562214448,0.0611054084273374,-0.0869626682003722,0.0623958851863927,-0.0837750005311229,0.0621479798060399,-0.0807740059638833,0.0635789269365084,-0.0778291377380541,0.0653446369922016,-0.0748868775686949,0.0685622636784828,-0.0718776641374915,0.0716516013465441,-0.0717255746548239,0.076234967653979,-0.0734931546976844,0.0812681128855252,-0.0700389237581292,0.0836115807298523,-0.0616217867476771,0.0841972278374449,-0.0534327479017184,0.0910001262495536,-0.0427212886341077,0.0957099950698808,-0.0321397030489803,0.0970843407421091,-0.0229650003207546,0.0946146311134745,-0.016725351843618,0.0914122996982172,-0.0125270314856576,0.0887917739551328,-0.00855163578349231,0.085775527985398,-0.00494021097110091,0.0801101905341441,0.000474916707876758,0.0740930897244792,0.00849687135211667,0.068018341147545,0.0173338235740002,0.0610404098100334,0.0292130658105938,0.0603352334771311,0.0403991181684139,0.0619862626899488,0.0494623239641847,0.062804478077272,0.0561055221798712,0.0632262338697924,0.0615403957333902,0.0639003113166226,0.0673661099040821,0.0644985679909991,0.0751507999994227,0.0655709814575606,0.0838465950588401,0.0685963840322184,0.0906683439622374,0.0699577887428307,0.0987393244899202,0.0687279221320716,0.105633043415166,0.0672203404070872
"PrasTeg13",0.111257255653556,0.0668481734957092,0.11203273251211,0.0595693356809944,0.11289959047114,0.0524656267690866,0.112811823701072,0.0454317075647469,0.112590978992808,0.0375316773304503,0.112343811895027,0.0291100368941595,0.112128732659937,0.0204221735158821,0.111532916137569,0.0116000990807967,0.110529817230187,0.00307368237388975,0.109603998853754,-0.00486603114679218,0.107698099941765,-0.0126372783567877,0.10436587589097,-0.0195888614050911,0.101403157853179,-0.0266885172499867,0.0983420973088796,-0.0337551945426138,0.0953051706320819,-0.0409901169916663,0.0914546324705459,-0.0476833451291443,0.0875367151602189,-0.0547975811803015,0.0828179837301995,-0.0616687326499819,0.0771826774463141,-0.0679358674970957,0.0713150429156989,-0.0742578954913035,0.0651558566848574,-0.0801327364954835,0.0580846330330723,-0.0849295323520574,0.0503499170960452,-0.0891107428213019,0.0427419924054415,-0.0934995632063673,0.0347052638986672,-0.0968874349123721,0.027231521987399,-0.101175244765404,0.0191150007987591,-0.103691483465718,0.0106288437251627,-0.105213439240302,0.00219739098534812,-0.107521907088073,-0.00626661379231482,-0.109344807197663,-0.0148963668073852,-0.108997423321867,-0.023568570090646,-0.108548240265771,-0.0321276520281083,-0.107850280439251,-0.0401863625648981,-0.105435231486312,-0.0476408776416543,-0.100093493558537,-0.0552457545095553,-0.0939613885096982,-0.0633321075578172,-0.08772273007729,-0.0712272060357889,-0.0806012961074785,-0.078901544527847,-0.072925068619218,-0.0852726908075567,-0.0642781404474002,-0.092320630465923,-0.0558904208830298,-0.0990590246702066,-0.0474047785687887,-0.103502600897501,-0.0380318948677733,-0.106582968146267,-0.0286152164553632,-0.108770965601888,-0.0198570563983407,-0.10921776017277,-0.0117937600394914,-0.107125810515185,-0.00391790734751409,-0.10641198616022,0.00373286887953364,-0.108524929140134,0.0105950094352442,-0.10902859377747,0.0164051619973598,-0.10590709341906,0.0207531061742669,-0.100112929551539,0.0221650166338732,-0.0947510727710738,0.0221155392379903,-0.0952959319732116,0.0259012473832624,-0.0998467215032993,0.0278232893986092,-0.10257556045433,0.0301815249046429,-0.101295176549403,0.0336946571908346,-0.0979596949762834,0.0390555834559471,-0.0933800761507281,0.0431653482631086,-0.0887396534164334,0.0446696084707703,-0.0840905900635687,0.0467548490163264,-0.0802998646277916,0.0501246227514756,-0.07559151916957,0.0540895904409105,-0.0702058583002881,0.0568085557967127,-0.0660843212396928,0.0602561269870329,-0.0696866788621602,0.0626185825418308,-0.076337168925399,0.0679769159693637,-0.0801483008571311,0.0779094497621572,-0.0793431630125824,0.087476468634725,-0.0701328181783827,0.0906648652981458,-0.0568036249436892,0.0903764421854256,-0.0426633022209348,0.0898960087627186,-0.0320736383188823,0.089883601300731,-0.0246455506174582,0.0918396383409647,-0.0170237279434117,0.0923831876515975,-0.00772416307532018,0.0898350125959854,0.00311775230825593,0.0861857512629484,0.016768301153584,0.0840479956645301,0.0310350836958348,0.0770010287693656,0.0459916516990399,0.0699783582047941,0.0583471577049703,0.0653694150622772,0.0669685007633565,0.0617152898419337,0.0727224949738241,0.0603488937077699,0.0770266538644785,0.0608013928785359,0.0811998138677272,0.0625922447491088,0.0862101920682249,0.0659537549069882,0.0922267953258798,0.068684726332196,0.0974421814479319,0.068481204295181,0.103827012487999,0.0675735257875326,0.109320488772044,0.0671592713770266
"PrasTeg15",0.10320374224031,0.0546557269589685,0.106841590205096,0.0483811166803594,0.110223112812158,0.0428327680695276,0.11266042229575,0.0380636807220429,0.11179525834801,0.0327541634294736,0.109688833191543,0.0270441262473697,0.109984476591028,0.0206461732612958,0.111250369092811,0.0138315750323213,0.111195953586237,0.00703554745880432,0.109211185670464,0.000651115094327612,0.106783153270485,-0.0060955743108352,0.103862681941071,-0.0125399027297404,0.102365283380731,-0.0195612741153709,0.100044629200604,-0.0264940532468094,0.0969521699772153,-0.0334571887526727,0.0934184924454555,-0.0402257905942175,0.0894750236678402,-0.0473392326731565,0.0853599915665138,-0.0547038324578139,0.0814815365210124,-0.0622287965061641,0.0756762806832491,-0.0686296231155655,0.0696878317878029,-0.074998207154682,0.063055717485104,-0.0808076331809932,0.0555232553626256,-0.0857961239972633,0.0477062427533909,-0.0904094736410499,0.0398918813094139,-0.0949360425024636,0.0321520108697893,-0.0993695443218169,0.0246332367919691,-0.103800988446626,0.0171348283716154,-0.107804318056098,0.00976714627005149,-0.111394885537466,0.00189245254612121,-0.112676388143083,-0.00600285606631757,-0.113228200900907,-0.0136263346400851,-0.113894699458987,-0.0206617788657742,-0.114610767776995,-0.0269720077909003,-0.111312734775483,-0.0341719730019159,-0.107152074291951,-0.0415264184724577,-0.102188411278883,-0.0492976003630086,-0.0970656798376725,-0.0565758221538207,-0.0905815535605076,-0.0630156220421127,-0.082668106032207,-0.0700741420543881,-0.0751884826563853,-0.0769425923764349,-0.0670559884391558,-0.0833265330962614,-0.0584259891230476,-0.0891157695642867,-0.0499197117402335,-0.0927305572094826,-0.0409813799880585,-0.0921087140069802,-0.0311152278231623,-0.0913467536966591,-0.0211554646413452,-0.0936564165060966,-0.0108183980981365,-0.0957642166753882,-0.000222378269020963,-0.0982011794699007,0.00997772277624545,-0.100664073194435,0.0193809418018178,-0.103077335565468,0.028559716280323,-0.104410958320344,0.0367932121325775,-0.104234552839385,0.0444830832347827,-0.103164350863004,0.050726080889654,-0.101334259486298,0.0545977770827561,-0.0996219349094234,0.0574841917725334,-0.0972888832967963,0.0587385075051008,-0.0942168477557109,0.0603183560490613,-0.0913184847345396,0.0616527321956894,-0.089015304843484,0.0622487545719944,-0.0871523989777249,0.063877202203495,-0.0850698386055274,0.0651295788046679,-0.0838012914528239,0.0678649145674969,-0.0827874228878462,0.0714076900540403,-0.0816604780375621,0.0762941875452302,-0.079274191252975,0.081916839682167,-0.0767629556981823,0.0895076255880284,-0.0694570168517651,0.0961949750112069,-0.0613138000036025,0.103847000877689,-0.0506150559785272,0.107345668813169,-0.0393272143305076,0.106716929769136,-0.0286357478310904,0.104077991334095,-0.0207742593767912,0.101788645368245,-0.0151849529714287,0.10023623074908,-0.00978782150723174,0.0983738301253957,-0.00432026418231825,0.093363021106568,0.00264426520373806,0.0874905911424073,0.0116200720261755,0.0805029762233636,0.0230709421358615,0.0737931176344675,0.036940057996006,0.0707872502342064,0.0489013783680087,0.0690326262763483,0.0575108846785969,0.0660417935385189,0.0630780791824373,0.063330511288502,0.0672038291934228,0.0616969141650714,0.0713959363619378,0.0604285005147753,0.0771350437629531,0.0588262108313256,0.0843552754918202,0.0570457563432967,0.0902051039980361,0.0553119178066746,0.0967554225939646,0.0540069831210162,0.101514290229755,0.0538707879518764
"PrasTeg16",0.113303184189211,0.0739976137211442,0.114196527426076,0.067210394835889,0.115055728550203,0.0605147289923125,0.116128315685104,0.0536393966408855,0.11685407332163,0.0456855383757358,0.117207134695022,0.0370116150055797,0.117652944820672,0.0279271394627481,0.11679631717644,0.0185342566345214,0.115741675955487,0.00921348624132035,0.114732106352128,0.000384246448969301,0.113156025614546,-0.00851925373426455,0.110731604520719,-0.0168061086075483,0.107804277818563,-0.024835824388615,0.10496406243366,-0.0328658080783758,0.102172519547748,-0.0410264164046653,0.0979937229980771,-0.0483789194062466,0.0927328094477465,-0.0557862027455745,0.0873183436838312,-0.0636476578068949,0.0807787690676409,-0.0707706103190162,0.0735168725046894,-0.0776283493678034,0.0661736738324548,-0.0844308817144469,0.0585643369281312,-0.0909384081102892,0.0506409471466649,-0.097132713613094,0.0426348337291201,-0.102828656356923,0.0344788670924077,-0.107676365043043,0.025460340301749,-0.110297925743992,0.0166294328428309,-0.113132475917902,0.00844080896434434,-0.117017583279056,-0.000520533757450098,-0.118244423760948,-0.00965183579080277,-0.118598811238207,-0.0187185458362192,-0.116326672017106,-0.0281615622746059,-0.114771183859904,-0.0375224807982218,-0.112003670555466,-0.0463426774276972,-0.107059960704773,-0.0557670699601154,-0.10165468725317,-0.0644767039763079,-0.0950142883646564,-0.0715950952174746,-0.0860850384383453,-0.0793692116010149,-0.0769919136302901,-0.085253064138201,-0.0662909873251736,-0.0896863326895367,-0.0547566355163262,-0.0959103889671163,-0.0436645205575431,-0.100665219122819,-0.0321713495340685,-0.102808544662986,-0.0206629384804366,-0.102325018933363,-0.00975825361981647,-0.10055388841093,-0.000230494167688933,-0.103517666478564,0.0075555345749465,-0.110038170684171,0.0132107185430647,-0.111048511995913,0.0195113226888299,-0.103847585526234,0.0241025039251794,-0.0951574016182699,0.0261155770069437,-0.0866138816309577,0.0227701840286087,-0.081415540016738,0.0190213892060261,-0.0799018388410779,0.0257606999115933,-0.0861531326897993,0.0342190497812195,-0.0913420147105032,0.0410996851278109,-0.092546366236699,0.0486775674468878,-0.0914456375060589,0.0536636356763387,-0.0864967207501388,0.0571888324320194,-0.0835988809017678,0.0610053316963804,-0.0814230568130801,0.0620305609467696,-0.0804339859112721,0.0606646261485444,-0.0817234428906843,0.0582306962754447,-0.0835165094157518,0.0540142152148736,-0.0825607613259981,0.0491919776012709,-0.0775004107435651,0.0442201757003497,-0.0714615140140218,0.0399142978538763,-0.0678193405004261,0.0433212187938774,-0.07301368328112,0.0503450423890767,-0.0745531718297069,0.0622127931621376,-0.0717951201198442,0.0756948681509779,-0.0648065302396098,0.0860423089723752,-0.0555512737058968,0.0920544809196811,-0.046944419960381,0.093873621757219,-0.0403391381245675,0.0957618410485312,-0.0337177619498784,0.0971313622286206,-0.0261916871910331,0.0953239420295097,-0.0181435216553187,0.0902751158681482,-0.00639984310832691,0.0871257721666389,0.00825370646146505,0.0829390313908967,0.0232056342976083,0.0756287610261545,0.0354210548508681,0.0686860801167316,0.046164304426746,0.0667808399796565,0.0540655834061676,0.0662543855359599,0.0604195927148237,0.0665439345234566,0.067098653606061,0.0673243984834371,0.0758979182589117,0.0693695515233688,0.0859815994892164,0.072614557356965,0.0938068608763914,0.0744069416367531,0.103057248223251,0.0739819469815291,0.11068566618116,0.0730680524850747
"PrasTeg19",0.104745713628397,0.0674993119678547,0.104620729203222,0.0593154640320405,0.104819907303627,0.0520358019083685,0.10474645970737,0.0451396399907493,0.104249828788485,0.0375482749656359,0.103849201248563,0.0294658970018045,0.102264225387651,0.0211845028499341,0.100924394318497,0.012578020774487,0.0996253823223756,0.00412224854507685,0.098401243464414,-0.00381912850361496,0.0967244013240814,-0.0117302053583384,0.0938708953828031,-0.0188747116888115,0.0914404224465571,-0.0260890029035413,0.0890367434031444,-0.0332537389305291,0.0863053522342307,-0.0403602375213334,0.0823918655594545,-0.0467469635557906,0.0782242701316421,-0.0535225649235912,0.0739410920302437,-0.0605564824960466,0.0695789475053418,-0.0676254849974848,0.0642668587989101,-0.0742124450409065,0.0589666447830138,-0.0806548879185457,0.0536082135529338,-0.0869684983165983,0.0473626592397505,-0.0924237212342234,0.0407473713914457,-0.0973131509462414,0.0338441256431514,-0.101615474357728,0.026570962556598,-0.105132384176983,0.0194207661910535,-0.108724304336327,0.0121452938704691,-0.111842966210613,0.00451041733814575,-0.113961960466002,-0.00324518082140725,-0.115486303446959,-0.010851777073651,-0.116837823942418,-0.018200660858772,-0.117933951910511,-0.0253811791712253,-0.116737770882155,-0.0323568468261878,-0.113489750783865,-0.0397640008905267,-0.109173268114966,-0.047216433325501,-0.104123936314646,-0.0551221039871456,-0.0991226184404524,-0.0626897157107868,-0.0930307410575032,-0.069396883039949,-0.0855141617839818,-0.0756475129661586,-0.0774560969707508,-0.0821190859687107,-0.0690242002530689,-0.0882136867870483,-0.0601489852339169,-0.093706905729443,-0.0512392517617773,-0.0985069305893697,-0.0425274164123605,-0.101127679259223,-0.0335127983902698,-0.103964227463494,-0.0252613788101581,-0.107421233206469,-0.0174495146201425,-0.108682099277476,-0.00938125290007862,-0.108239549464037,-0.00155715020956726,-0.107827509782656,0.00550963859960668,-0.108297937815263,0.0124852436256477,-0.108768235851869,0.0188623435760339,-0.107667618013228,0.0247530376458387,-0.104054434999883,0.0287256390267019,-0.0996198610893231,0.0311372041478258,-0.0956404728829462,0.0345251125131036,-0.0944516049173942,0.0386948088580694,-0.0944678650247046,0.0447095034663392,-0.0937756991979239,0.0495629124870518,-0.0910455750839235,0.0520992964040463,-0.0895134316715698,0.0558792654559626,-0.0884498289808402,0.0598241349259223,-0.0888569959007856,0.0645355779131116,-0.0856762559291824,0.0669804037491908,-0.0793495348836702,0.0685162237700528,-0.0773187341077981,0.0747603208504596,-0.072390076676269,0.0808589113939886,-0.0614613398814019,0.0814663597332679,-0.0507010624666038,0.0894910780902236,-0.0364515385409824,0.0950202117794446,-0.0230854473342372,0.0999088791894473,-0.01105216758749,0.101566534066435,-0.00205317668071857,0.100771527505014,0.0046982492167785,0.100333835596765,0.0112150694973475,0.0990492504008798,0.0183319653024736,0.0965293194768515,0.0261726825253418,0.0950180568757636,0.0340217491192551,0.0925338546707882,0.038174562788177,0.084007288322743,0.0431029006643196,0.0743157377014705,0.0507804186510294,0.0690693729916155,0.0584416303738477,0.0670678610926344,0.0637358786049484,0.0650837353559107,0.0683426520962247,0.0655093237051637,0.0734409405272326,0.0669674654015485,0.0803848629510298,0.0684168771180971,0.0878215445988471,0.0700763033147363,0.0930082840859696,0.0681125300684426,0.0981894705866188,0.0648941535160979,0.103006398243122,0.0669511632734154
"PrasTeg23",0.114252506296279,0.0625051075934961,0.115913082942887,0.0554785191394063,0.115578296951457,0.0493598002935837,0.11407652250716,0.0431015552518026,0.111922285054122,0.0360900827825129,0.109587417035922,0.0286380856396219,0.1060802244115,0.0212755801756768,0.104664241724047,0.0129957248363908,0.103741561853562,0.00459299565016012,0.102149202030238,-0.00322703514690779,0.100651137295503,-0.0111964120522837,0.0981675965971708,-0.0185629752221796,0.0954431782016544,-0.0257111873916,0.0926283102411457,-0.0327709054397977,0.0902137879961266,-0.0401058807117347,0.0868458791087216,-0.0468403239226808,0.0829155274184659,-0.053772261523835,0.0787438743690767,-0.0609015566620778,0.0738114190629079,-0.0675373053867135,0.0682320705647806,-0.0738598382514127,0.0626697783649585,-0.0800830923494351,0.0562558770826393,-0.0853938827691787,0.0493621089169027,-0.0903299728839147,0.0419788262489909,-0.09447484489085,0.0345815507254659,-0.0985441293416887,0.0270652560674717,-0.102269343576655,0.0196108911984526,-0.105829173065257,0.0117477326015718,-0.108164056558095,0.00360058623234482,-0.109936204148283,-0.00471282977112397,-0.111027827343721,-0.0130001650042443,-0.111616875577239,-0.0211608862937915,-0.111320974159923,-0.0290953447261902,-0.108587433339553,-0.0373806741510815,-0.105915426834071,-0.0458835633129644,-0.102317418355174,-0.0545363535238324,-0.0989363068624973,-0.0629022057862898,-0.0949506655371905,-0.0702937901282465,-0.0891373975021728,-0.0771182365738241,-0.0822578052359138,-0.0835122963909746,-0.0750923506778487,-0.0890544586896041,-0.0668993913102325,-0.0939635936376916,-0.0580927632493916,-0.0991750799195275,-0.0497972108952155,-0.10280319166234,-0.0412000670033952,-0.104612717487949,-0.0325527057107115,-0.105815084376495,-0.0243824144153468,-0.106174596744372,-0.0162894256924587,-0.104477355670031,-0.00860555186787558,-0.104828488947997,-0.00163355609549263,-0.109403709255833,0.00408591456359478,-0.11161223504208,0.0114186617962947,-0.111238401949887,0.0190652780573555,-0.11039077638753,0.0266489971830295,-0.108446312170469,0.0327159896201634,-0.10686072213512,0.0364085011981056,-0.103428682859459,0.0379360721047528,-0.102672187713746,0.0408439524193642,-0.0995509373295965,0.042245022306066,-0.0959522354081577,0.0429925534135951,-0.0935093428556233,0.0442999523602851,-0.0911565333879123,0.0452878443508684,-0.0910403878221513,0.0474705759837069,-0.0899212314018357,0.0506242352687851,-0.0873478551046257,0.0539255642465468,-0.0839619085198424,0.0590517566768064,-0.0807175024840909,0.0661046126506923,-0.0760109788212876,0.0759300967656144,-0.0686936672713313,0.0881705168034449,-0.0592773979833693,0.0995357849794104,-0.0467809809754708,0.1055745827677,-0.0340926436074398,0.106166681264172,-0.0227166989156438,0.102692990591045,-0.0149236950233925,0.0983066601857073,-0.00941691490916697,0.0952455214014227,-0.00430091472929444,0.0912684045906949,0.00202998823638433,0.0853446770607713,0.00879884488572869,0.0776793494623149,0.019366005244545,0.071586933395588,0.0327992173692912,0.0663149081518987,0.0450410557031259,0.0587298839476885,0.0538706841406763,0.0527891677672289,0.0596064640227982,0.0502045402037273,0.0622271301816275,0.0511723598671485,0.0619567248834489,0.0549588703988526,0.0648470748622184,0.058466096404609,0.072525026408815,0.0603983209652415,0.0835953435348986,0.0619944549087969,0.0930437232201116,0.0600235903613628,0.104446232212311,0.0588277446520903,0.112506267406854,0.059950835671748
"PrasTeg24",0.111332166610381,0.0665547183371653,0.110685375920663,0.0572996995346494,0.109758402287553,0.0484027141088229,0.109146449318883,0.0401622837775069,0.107746462579502,0.0316716370094027,0.106200490357589,0.0230990362547242,0.105108043011046,0.0143924538299165,0.104310145074201,0.0056591076352241,0.103293382203993,-0.00262379201826567,0.100915885188315,-0.00993872083405664,0.0984479502042805,-0.0172830903497518,0.0970539487430264,-0.0245052906770193,0.0950975885295253,-0.0313940634578549,0.0918910684958377,-0.0378062865936465,0.0891002778240459,-0.0446210503074112,0.0858184893471251,-0.0510381493504264,0.0813982554911057,-0.0572961690320674,0.0768025145555323,-0.0638798834737914,0.0716885033341804,-0.0701155017466937,0.0654963541240644,-0.0756280936544934,0.0594234560133434,-0.0813156510753469,0.0526795382305678,-0.0862473100136632,0.0454106454256567,-0.0907159036380952,0.0379707555905266,-0.0948309238425405,0.0305428836840211,-0.0987673104434729,0.0226908683984638,-0.101591853269948,0.014662206588279,-0.103743340863791,0.00666514771686599,-0.105835405312699,-0.00129930437586423,-0.108017416812552,-0.00942836271338888,-0.108976924876953,-0.0171918185413354,-0.110742886892774,-0.0249976777838006,-0.11045224657441,-0.0327864753377468,-0.109567843040515,-0.0402539183435846,-0.107014329836448,-0.0481259261707226,-0.10448512538781,-0.0557513153374045,-0.101603631803204,-0.0625526004331902,-0.0971233405001739,-0.0684914105170201,-0.091060494276796,-0.0733113648406861,-0.0834964301490736,-0.0770318373869889,-0.0748390321440416,-0.0817212708571927,-0.0658473319399954,-0.0864551069638889,-0.0564607169427248,-0.0921632986819015,-0.0477583868675136,-0.0974171773721292,-0.0392152822423317,-0.100833764542259,-0.0305208889800657,-0.102513753683316,-0.021905324331837,-0.104592392563001,-0.013538118373671,-0.109373286426562,-0.00650358526172386,-0.113810640873122,0.000364897604626018,-0.116021319499935,0.00751874011642504,-0.115492583969732,0.0152069516834224,-0.113041400618264,0.0223785974473815,-0.11019110209685,0.0292093967688485,-0.106524564202505,0.0339923088838172,-0.103317353008501,0.0362565510072298,-0.0993795609303223,0.0359104118992761,-0.0970558869784886,0.0367205868912384,-0.0962718580366654,0.0399500588278911,-0.0964541671565771,0.0430255762349241,-0.0965843634341829,0.0447850187500363,-0.0975762275620702,0.0466607354649848,-0.0980254572544374,0.048670458818857,-0.0966540687195197,0.0514914565795926,-0.0956435647003215,0.0552544696345393,-0.094998172114115,0.0605401251979262,-0.0922091880732265,0.0662772979090068,-0.0862917106423381,0.073276016837836,-0.0784381297448078,0.0830120504090144,-0.0676649276146276,0.0914943428806985,-0.0559244880196009,0.0979594521307287,-0.0439031608892668,0.0971726006301809,-0.0324072384736098,0.0933733652480993,-0.0233710330373263,0.0921147207936948,-0.0165040007045854,0.0936584641928902,-0.00985702176919981,0.0942021778994205,-0.00299843056392733,0.0901825475978684,0.00536482986227417,0.0844513335135858,0.0164334438850302,0.0775333054217086,0.0303519659027399,0.0702043168864316,0.0448488021353141,0.0627812738385364,0.0560031858721789,0.0567987481979744,0.0636609196156061,0.0533588739641929,0.0682060372932956,0.0528065971737,0.0707172992707742,0.0554183158101381,0.0717102271728646,0.0599226760513358,0.0763572967875004,0.0620552172722787,0.0842374888819179,0.059331252894115,0.0914549274438259,0.0579217891503455,0.100178598692638,0.061976851618978,0.108100818207036,0.0668783011553678
"PrasTeg26",0.110264194293235,0.067499999486102,0.110898791626325,0.0613530432169688,0.114701809492984,0.0562299265008892,0.11548979451217,0.0501256617518722,0.114763611845204,0.0426566452846624,0.113564095453219,0.0343695548803129,0.112408141304439,0.0255159087404859,0.110761883580714,0.0163469141409095,0.109085562690664,0.00726903481302126,0.107094735695201,-0.00119090463662131,0.104839365221606,-0.00970837061914315,0.103142029390077,-0.0178888354337198,0.101515542234918,-0.0258811242484441,0.0986879170378187,-0.0334017651307012,0.0955132894090826,-0.0408998193843253,0.0929347773166356,-0.0482725179444342,0.0879965707693513,-0.0546911002984397,0.0817626841731144,-0.0607915791244168,0.0760136681683175,-0.0674287240628382,0.0716439417490752,-0.0752479518481832,0.0662761541475198,-0.08221896888801,0.0602629585880535,-0.0886206061971571,0.053546880361232,-0.0943853316411765,0.0468158373098023,-0.099898790008101,0.0395427636031015,-0.104336951793559,0.0317769855695446,-0.107741539218217,0.0242067133834942,-0.111253450311225,0.016072628824312,-0.112895394289194,0.00737172557139347,-0.113245041477105,-0.00162458966764422,-0.113454811305179,-0.0107042028467721,-0.113250981130827,-0.0197751346097674,-0.112407661614607,-0.0288479226708069,-0.111622971619646,-0.0375809662521924,-0.10972489714467,-0.045953178413434,-0.105455484154411,-0.0544674182951066,-0.101155588184679,-0.0623931945833364,-0.0957595528561635,-0.0690377548034864,-0.0882831934193264,-0.0758999017072998,-0.0805232275407997,-0.0828593828952169,-0.0730735914209306,-0.0897539954411212,-0.0654843515324512,-0.0949601436415842,-0.0567743276379346,-0.0974393905965179,-0.0468970909709692,-0.0989119195339914,-0.0367806082459128,-0.100931568872233,-0.0273294963184535,-0.10029352284819,-0.0182658190753372,-0.0996583964920162,-0.00931658374958922,-0.1028959746774,-0.00118050533539516,-0.108627189093934,0.00584850859173343,-0.109383479344525,0.0148001118901384,-0.108589648278941,0.0243128710259203,-0.109594681099052,0.0320146030189296,-0.104157808449482,0.0375785511902169,-0.09913582356292,0.0423307945148489,-0.094222626683964,0.0438037127676682,-0.0890959441117045,0.0431091058190814,-0.0858369876761526,0.0410366198372963,-0.0822960572727686,0.0398433481593393,-0.079632027906173,0.0412195554151586,-0.0784781707706023,0.0429883070200098,-0.0785648984599051,0.0457969452657144,-0.0768460642941232,0.0483845280858197,-0.0735685150528511,0.05182501475476,-0.0694236191208544,0.0550945002592195,-0.0678168134839707,0.0607256379444031,-0.0702109162532024,0.0685154870315791,-0.0729052266529794,0.0795747506740685,-0.0692323717423506,0.0925339572090975,-0.0608696383149195,0.104014627264317,-0.0492758609066555,0.110131045558271,-0.0370887156294668,0.107549301111224,-0.0261811604641274,0.101037018271234,-0.0194128107840993,0.0949910161535099,-0.0148960583692488,0.0916846386609948,-0.0129260763000571,0.0870890977446675,-0.0127949445915732,0.0800578660368925,-0.00807298798881125,0.0743257492569242,0.00207810078132037,0.0708211560727206,0.0164022580971261,0.0671218175980371,0.0326145960007564,0.0629161562816454,0.0463555624709672,0.0594390237823355,0.0565941906875701,0.0569934304317837,0.0635450026407108,0.0560271634927273,0.068842594042806,0.0567278940226445,0.0740969600678093,0.0590396561944299,0.0811760105600022,0.0619998740072724,0.0885881018101692,0.0665027516254551,0.0947686428492986,0.0682937797912876,0.101913218971122,0.0695348071278098,0.108070605902357,0.0684062431700249
"PrasTeg27",0.11232361227008,0.0783382904153653,0.114397507435966,0.0677473484140307,0.116335949903373,0.0578416625855194,0.118083824145243,0.0488765065756677,0.119590323330104,0.0393307692401758,0.119219820340181,0.0293315773482862,0.118288976664743,0.0190786417537208,0.117397943276853,0.00870958793215531,0.115625158216181,-0.00116896617639113,0.113436462380211,-0.0102049420808411,0.111214383081221,-0.019231287580848,0.108633423363887,-0.0275704149593154,0.105825108412404,-0.035559854255352,0.102819523126918,-0.0432847190747584,0.0996978657337482,-0.050938907740925,0.0953233804510203,-0.0576244091685425,0.0896573741733151,-0.064024186782019,0.0839350844095888,-0.0709703013071636,0.0775087723971361,-0.0774182398079433,0.0710580868954344,-0.0840857729925936,0.0640434789269977,-0.0899552804301914,0.056304500092227,-0.094873811732772,0.0489444940177415,-0.100488627244873,0.0411733236661361,-0.105243958489285,0.0332627831748249,-0.109432361546749,0.025028131194626,-0.112593795170068,0.0169652800358901,-0.115733398996323,0.00869799649687328,-0.117704566898309,9.07184097902356e-05,-0.118175070777943,-0.00866067062547634,-0.117713142557324,-0.0173367851044128,-0.116068312496114,-0.0258949710268755,-0.113484538434522,-0.034303813493075,-0.110317960796336,-0.0415430881828175,-0.104545860703051,-0.0499808499279549,-0.0992853919604088,-0.0576146288914315,-0.0930096712993413,-0.06269384012641,-0.083861569251325,-0.0699833554660935,-0.0753761355218837,-0.0775709362159453,-0.0665834953351886,-0.0826427845116199,-0.0562481612310077,-0.0864061664240834,-0.0448110373328751,-0.0917268076709664,-0.0339399989438831,-0.0976086499842713,-0.0241664585508396,-0.103493445551327,-0.0158604290602323,-0.106358785231603,-0.00806389887297543,-0.105623946242997,-0.0011394378372902,-0.101809139322826,0.00460917686629965,-0.101372390520678,0.00955218378965984,-0.107612862238825,0.0118404575031003,-0.111828435210306,0.015086854708048,-0.106474470641103,0.0203637064755315,-0.0987083283030222,0.0256743755083749,-0.0977340461974471,0.0347463300975837,-0.101464766871768,0.0424894641787824,-0.0983128735030879,0.0456624955028347,-0.0927982479779457,0.0440551224441292,-0.0899983978092758,0.0396656058518928,-0.0866978370449636,0.0337794878874213,-0.0840149981365963,0.0278628821666791,-0.0817774392909793,0.0236397420632964,-0.0809543330496643,0.0205049636979783,-0.0793937319575158,0.0210310737783898,-0.0779739496811122,0.0250520505929493,-0.0735178397017979,0.0287439382707955,-0.0687149271260923,0.0336771965867644,-0.072022370709244,0.0389958658909414,-0.0819737097124435,0.0452097165730602,-0.0906859786911206,0.0565208788251397,-0.091452101332639,0.069043872657036,-0.0816133128818862,0.0774063648050786,-0.0659854154862058,0.0807225476636913,-0.0489832601093957,0.0818402496177839,-0.0360762699648403,0.0829934903654234,-0.0268750284468775,0.0842978276571052,-0.0175343743128598,0.0839103150823268,-0.0061984686114802,0.0840047610585425,0.00585400234053395,0.0830882482911245,0.0177164329465567,0.0753810013722779,0.0333842879977049,0.0710433853332736,0.0491261944529279,0.0658468557075963,0.0613021774394771,0.0617369297206891,0.0696908150439173,0.0593666145038243,0.0749286117394766,0.0598641154107973,0.0781706353605009,0.062808970816903,0.0802489617144177,0.0678663291494372,0.0842371831367933,0.0733883773823954,0.0921145480611148,0.0750857925507288,0.0986495369862364,0.0758387306129731,0.105312743739774,0.0745397665740843,0.10944934051433,0.079449113032095
"PrasTeg28",0.10270387475681,0.0840379314559133,0.106987972800869,0.0764542071914988,0.10880168013776,0.0680568379758463,0.110623224023596,0.059356274261177,0.112503834837171,0.0496973808310621,0.112885114923124,0.0394918879040518,0.112888830642985,0.0290249418242361,0.113216769349339,0.0185303114808122,0.113438094255394,0.00847888262446264,0.113394883001473,-0.000625846634597377,0.111684433437129,-0.00956841025705101,0.109941464875137,-0.0181263226979712,0.108971481475315,-0.0264340950988826,0.105255368219138,-0.0339432866957246,0.101637846563736,-0.0420652663406251,0.0977226258951401,-0.0499434995975891,0.0931855904117466,-0.0581614957385817,0.0875907537950211,-0.066331793479333,0.0816051636253917,-0.0743118919451707,0.0754438797656858,-0.0823312587471318,0.0682244667750256,-0.089315284706285,0.0605457107853699,-0.0958043095779985,0.052635390360263,-0.102115140380835,0.0448267424078904,-0.108179616731031,0.0366879539881335,-0.113265804302402,0.0280336540060563,-0.117019062021782,0.0195289940622105,-0.120482768041718,0.010498061918236,-0.121789467762387,0.0010277560050366,-0.122128119951922,-0.00863920086568421,-0.121651557243973,-0.0182513185067839,-0.119696820475484,-0.0277575253790853,-0.116436835542761,-0.0372153634530291,-0.111976930774987,-0.0460910843361518,-0.10560522380107,-0.0552920801799301,-0.0981004897144584,-0.0634237181796442,-0.0888231843018938,-0.0714548323341072,-0.0787884285649556,-0.0795829149545863,-0.068233896718611,-0.0869386139184498,-0.0569421235803997,-0.092984109038646,-0.0453027287898915,-0.0986439615394437,-0.0335121147380734,-0.105217521594877,-0.0228352184549998,-0.11151201653657,-0.0136059219390647,-0.117512621214391,-0.006532967822659,-0.120884764523479,-0.00102800779583049,-0.117623398971817,0.00492572260791588,-0.110814235720994,0.0107409226540573,-0.103555168663864,0.016302940295701,-0.0990298715242845,0.0216920269666567,-0.101511846989192,0.0283713813658495,-0.106550938487933,0.0341892620694585,-0.10486672170901,0.0386736025016753,-0.0972557206919842,0.0365632739220266,-0.0916991967360627,0.0300181715230617,-0.0888534628168958,0.0243444234427216,-0.0857868678273335,0.0214707353418647,-0.0835374179070512,0.0231535858047596,-0.0833111502852079,0.0287250927805988,-0.0832528250877344,0.0346799483956765,-0.0849357022360007,0.0387857417987571,-0.0875031437666865,0.0429683834852552,-0.0894412117291648,0.0470163960101411,-0.0938812172434065,0.0488672621697626,-0.0984369193085689,0.0487437593101641,-0.0974116270938259,0.0504829142967711,-0.0947842067791624,0.0546250971401313,-0.0958719861426304,0.0618477709318696,-0.089993650768652,0.0688903846884965,-0.0808114494098433,0.0780377548313005,-0.0694473515772928,0.0869347868575725,-0.0560013775417401,0.0895530270305579,-0.0424808216169397,0.0891071995300883,-0.0322264344794022,0.0918434825005884,-0.0240570969675032,0.0926467627084911,-0.0160599944491731,0.0937525366007691,-0.00742181915695689,0.0925865312178461,0.000837115458833687,0.0871700083568171,0.00996292501417704,0.077876986920649,0.0206388072835203,0.0660752616397661,0.0315118610816887,0.0539518372547886,0.0396225287418514,0.0450834301793741,0.0436336986039595,0.0393193821980738,0.047392871398128,0.039623768281223,0.0505219998456571,0.0437191693716597,0.0553796508841338,0.0489681269205024,0.0639269136860993,0.0554036654450944,0.0732002455862529,0.0645677818092071,0.0804991447566406,0.0714385198004037,0.0916121188594504,0.0764268563967087,0.0999402649873622,0.0822923319981933
"PrasTeg29",0.117980952972729,0.0698862795302335,0.118315609682332,0.0628568129248443,0.118884967889108,0.0560049416157474,0.117882529498252,0.0490532492575195,0.116669170813015,0.0411901503591121,0.115233429316293,0.0328581717973629,0.112546529208322,0.0244034065833866,0.109760217840778,0.0156722900055543,0.108211604224912,0.00675685046100476,0.106514257253963,-0.00151775448763532,0.104801687679858,-0.00980314272230076,0.103003280953097,-0.0174712876036025,0.0992291202776085,-0.0241536807741295,0.0953228633795619,-0.0308774884183182,0.0915466312971202,-0.0379385536318758,0.0877300151978657,-0.0447112922759921,0.0834841727523075,-0.0515896520872057,0.0785270144571834,-0.0581850875701078,0.0742517716521224,-0.0648613801497056,0.0694093002268753,-0.0703384692605959,0.0624515122721133,-0.0725185781298479,0.0574987629883698,-0.0780002382244468,0.0522662353581228,-0.0839427697873305,0.0454100590489005,-0.0881882984603226,0.0376887703985219,-0.0915570446989503,0.0299239674990186,-0.0953882430393783,0.0219784069670902,-0.0989804168634759,0.0138252466788682,-0.102122782120947,0.0051941514219524,-0.104262956490354,-0.00349120867324104,-0.106327138165954,-0.0122980070406666,-0.106967927278681,-0.0211799150331105,-0.10624405296178,-0.0301427021422072,-0.105364750107337,-0.0388484872716487,-0.102901758124012,-0.0476741296585927,-0.0993310035188346,-0.0558093038296545,-0.0939893437223758,-0.0639384717000113,-0.0880846658118802,-0.0717820519374663,-0.0813271527005856,-0.0800896324300748,-0.0749757052975848,-0.0874416987835569,-0.0681525878481106,-0.0935113411131658,-0.0603161711199025,-0.0962886467890721,-0.0501861203304803,-0.0991940627889094,-0.0397306940258594,-0.104134446936586,-0.0301099884205624,-0.106978962277501,-0.0202591419193721,-0.109286171319079,-0.011086446147959,-0.108728062152725,-0.00152362818805384,-0.107494894516061,0.00782613417457828,-0.10964650908232,0.0164277864177791,-0.115520479220807,0.0235844747420139,-0.118777799946591,0.0319916796172451,-0.118256791164892,0.0399807000160801,-0.113927242133859,0.0472594023057959,-0.111286115736585,0.0539595209574331,-0.107618777990855,0.0571282568952982,-0.103810480930374,0.0586444448954739,-0.100842411273471,0.0584107822590081,-0.0977237336880787,0.0585319487396364,-0.0960611065568229,0.0582529970444259,-0.0964884114018956,0.0562773407607423,-0.0951647812296465,0.0551868110401288,-0.0929087560448588,0.0549520018435852,-0.0897952606029754,0.0554585296543163,-0.0869675802845429,0.0575780999143317,-0.0840844656943608,0.0616549896786948,-0.0823094742673094,0.0680320465643738,-0.0835853260865051,0.076615274911427,-0.0868094350064579,0.0849934356597446,-0.0831937619019065,0.0876510649519782,-0.0741791065449532,0.0839672175184516,-0.0614663490440919,0.0805108354110246,-0.0478015881082432,0.0775804989919586,-0.0374410632930215,0.0752290151579468,-0.030229794133151,0.0728032687806434,-0.0227348435495336,0.0712531116128402,-0.013584176472984,0.0692975233776662,-0.00328317981685839,0.0664587973271547,0.00926787401717409,0.0637050542336379,0.023716907143021,0.0605396593300159,0.0381050141570068,0.0569431952486982,0.0492046615687634,0.0545993231354193,0.0562538270432679,0.0522590102385754,0.0599569759383607,0.0526842313176093,0.0611632310692881,0.0565453536104122,0.064971315087873,0.0597494012788182,0.0728465296972731,0.0618341938645214,0.0838706891094335,0.0639786054650775,0.0931948819505762,0.0658747056915694,0.104858397517013,0.0674421611400558,0.114800308594644,0.0689908347252717
"PrasTeg31",0.104026639651066,0.0719958912824537,0.106775061979628,0.0642574554473805,0.109401818032934,0.0582411662036597,0.108761509194604,0.0523536109689153,0.108125182532225,0.0454633858536456,0.107560211965553,0.0377224019988305,0.108205665366004,0.0292545930015563,0.108450046907117,0.0201804022446055,0.108794012631038,0.0111093975737194,0.109073727431795,0.00255388181564233,0.107488853559064,-0.00595689074557293,0.10427407537967,-0.0137958045370093,0.101080446678334,-0.0216379518560369,0.0989377894664931,-0.0298361277465024,0.0955128278153321,-0.0377716818146756,0.0921295415825924,-0.0455497711656546,0.0885780792540932,-0.0535624800932157,0.082777733940006,-0.0605067077021043,0.0767423878119012,-0.067492388805931,0.0710612825728846,-0.0749862056143068,0.0647453706381547,-0.0817438153426393,0.0581104495286495,-0.0880378532910574,0.0502175278727944,-0.0928887872504403,0.0426011465072923,-0.0980856342550813,0.0347800494388778,-0.102688019818581,0.0266565547546217,-0.106450146354803,0.0187732749476522,-0.110253631559149,0.0109998964248226,-0.113715998095383,0.00296055032660593,-0.115885223440249,-0.00546993750165911,-0.115908486679091,-0.0139590096092152,-0.115566488368837,-0.0223107888990842,-0.113043728364778,-0.0309647933130377,-0.110033841387527,-0.0392299650039856,-0.10519663249243,-0.0484535895121431,-0.100510940678182,-0.0575061608198838,-0.0951389467684946,-0.0661889796460742,-0.0889387958527839,-0.0740990978247483,-0.0815219508589105,-0.0802478352103333,-0.072261615589539,-0.0841142472519908,-0.0613377873603337,-0.0890000131845772,-0.050013570223919,-0.0949479242326078,-0.0388547016492139,-0.0997696949677879,-0.0276198355099246,-0.104504904411821,-0.0172392576404504,-0.1090894783279,-0.0083018080797776,-0.114071678797673,-0.00130195058175327,-0.117732887154072,0.0051539404306241,-0.116758266694398,0.0119630700618348,-0.111782001523349,0.0184326079644487,-0.10689583569986,0.0249072019410045,-0.102275102579146,0.0312379825840116,-0.0956326298705677,0.0342622082243646,-0.0910358702046104,0.0379018441440213,-0.0925854559086484,0.0430058274869309,-0.096063997141552,0.0458383780619124,-0.097033240622022,0.0481105757453215,-0.0960938951196079,0.0493380662292874,-0.0943452475038241,0.0482940488260541,-0.0932262861137296,0.0448709139106614,-0.0910999276321938,0.0421848461603575,-0.0889039181939149,0.0398449435033024,-0.0868420379060028,0.0383716797962417,-0.0853330168186891,0.0384583557011301,-0.0862589824014266,0.0398509794133836,-0.0881313406661488,0.0430084664478582,-0.0906606830259575,0.0483284729369205,-0.0893917613728738,0.0558170640045101,-0.0816335631371718,0.0647273089385139,-0.0705550107053657,0.0752303303904392,-0.0540564701755661,0.0808094033401614,-0.0377282657373515,0.0859526186569901,-0.0229368302363217,0.0886457201095732,-0.0127445896003954,0.0919955392404352,-0.0050670347118446,0.0928110604845121,0.00201369526281571,0.0919731738190629,0.00788625363082955,0.0895598228015387,0.00771538781879271,0.0826132487177243,0.0130636062766629,0.0763117071199676,0.0247810448917003,0.0733433054890663,0.0391205379498443,0.0704524171805352,0.0514792689326564,0.0683247253874152,0.0607345115813586,0.0684820243074312,0.0671033657639055,0.0718725070993221,0.0730313386769829,0.0746270852595212,0.079676640661929,0.0767433553414951,0.0881823905658863,0.0769977685582818,0.0946457674895902,0.0743580670974389,0.0928113826005856,0.0680678203973561,0.0972645191774983,0.0649871551535262,0.101972016581031,0.0704729143936029
"PrasTeg32",0.112774668543156,0.0668403514098659,0.113407745376487,0.0595909556735959,0.113070882253211,0.0523741017733601,0.112236889800984,0.0451995671278321,0.11163946202999,0.0372570184103248,0.111156850598935,0.0289177201382644,0.109908968031692,0.0204153781699172,0.108096969581002,0.0118313182780638,0.107082431266306,0.00336310168373321,0.106624505396658,-0.00451630772040149,0.103877502699054,-0.0120522020684827,0.101166042363277,-0.0194439190277181,0.098488246874803,-0.0267768194871389,0.0954953557911619,-0.033959479953642,0.092100050624502,-0.0411223318534593,0.0887913298005807,-0.0480650904855952,0.0855336591133509,-0.0552295722681138,0.0798832929343652,-0.0610990507880805,0.0747938174656293,-0.0676931529850169,0.068690742210569,-0.0736712375870618,0.0622839554970907,-0.0793755237575605,0.0559193542973556,-0.085039108910588,0.0480805776304437,-0.0888304467979151,0.0401709253676389,-0.0928129187563929,0.0323376279592917,-0.09698195370037,0.0242866428516788,-0.100605502608366,0.0158727494455675,-0.103152228892411,0.0074260127923141,-0.105588617829743,-0.0011354368830657,-0.10778119157118,-0.00984232668191405,-0.10908479886534,-0.0183708439698688,-0.110355282290197,-0.0267832745757266,-0.110533142465757,-0.0350297498510128,-0.109627516133165,-0.0429742162879694,-0.108034933511137,-0.0504930147215683,-0.104402896516559,-0.0573397939578621,-0.0991070238953272,-0.0642668833114917,-0.0933817088390764,-0.0703088023429923,-0.0861280093919901,-0.0768790367228908,-0.0789145052099025,-0.083303416435054,-0.0717421476896205,-0.0891993110341049,-0.0639214311363422,-0.0947012914564405,-0.055891396577249,-0.0988324991957746,-0.0476290857500136,-0.100715628367962,-0.0390525974737978,-0.0994767046217278,-0.0303745997153093,-0.0973363318163512,-0.0219679715066205,-0.0976472244126159,-0.0131185919196734,-0.0996947461539943,-0.00441683686908503,-0.103606191735495,0.00351860701621795,-0.108445326619752,0.010469617724739,-0.111104784198782,0.0181850152152507,-0.11151414797136,0.0253514969643467,-0.109576656708536,0.0318421861750671,-0.106481437358222,0.036670506262681,-0.103579244561099,0.0395675093630662,-0.100823366214873,0.0414844710447204,-0.0984505785593041,0.0411062893625232,-0.0958192914876172,0.04008209258113,-0.0932373781571448,0.0408288102068612,-0.0913105416940973,0.0413482072295039,-0.0903977305782572,0.043453174077066,-0.0887190360642854,0.0454845460763774,-0.0883525026518305,0.0491441880233511,-0.0886799293884541,0.0539233574436386,-0.0894172872738903,0.0605209987908309,-0.0895335258345937,0.0680163367165479,-0.0831657593397123,0.0748333305999982,-0.072925273025095,0.0842248352324573,-0.0643593924125489,0.0967454626540295,-0.0515971154213908,0.102581845393631,-0.0388152685764586,0.10343910471963,-0.0283462323703218,0.0981545019768448,-0.0219471107902393,0.0917215080430152,-0.0167360611671777,0.0883435301634946,-0.0107861081371326,0.0862621837252391,-0.00344016557809363,0.0835540032689096,0.00495391669158437,0.0800560999891841,0.0152320538896279,0.0757145249059201,0.0273674857778454,0.0706032472091457,0.0400229268384228,0.0652707695043979,0.050326895615893,0.0608967551281588,0.0578711726569041,0.057723084371661,0.0630235147970973,0.0564132344355776,0.0671521190173465,0.0575228655788131,0.0714521869180333,0.0599931558638799,0.0782950897099765,0.0606896580744423,0.0869244613230548,0.0619088097399801,0.0939484245070751,0.0632311961141889,0.102616384272023,0.0652286633732335,0.11021547539689,0.0666598517133442
"PrasTeg35",0.108400517969239,0.0605989078277423,0.109238617107049,0.052881928934932,0.110097655217945,0.0450494034139254,0.110617763512156,0.0374113561078473,0.110037661433503,0.0289697235177978,0.109980510459068,0.0200762923503925,0.109423651835485,0.0110576117584872,0.108120042127292,0.00205401137213428,0.106068494544334,-0.0065047182722292,0.104078410589564,-0.0144278095115372,0.101260149308858,-0.022138872471865,0.098726339550862,-0.0294773934004395,0.0958509667472833,-0.036497350790572,0.0929641072974356,-0.0433889949156264,0.0893580608687473,-0.0500190905364094,0.0858459932990646,-0.0564644179583279,0.081099044304532,-0.0625148361741428,0.0758971332047089,-0.068607872199551,0.0699941661323711,-0.0741089474791948,0.0638128795187953,-0.0795496773743896,0.0576696979094293,-0.0848807138758804,0.0511807478242916,-0.089645728435428,0.0443444505235767,-0.0938041382036966,0.0368798499053808,-0.0963644637156575,0.0300607320416025,-0.0999955058203526,0.0237948426181455,-0.104157779101883,0.0165920792543334,-0.105980602719876,0.0096705143959402,-0.108766649558084,0.00215049233682952,-0.109595241133934,-0.00538069339799708,-0.111032265648206,-0.0127459359237994,-0.11255298617259,-0.0201953990018864,-0.11199257308778,-0.0277415804130864,-0.111072255844722,-0.0351384669595505,-0.109884647038779,-0.0421098339693874,-0.106269932998326,-0.0491377579067517,-0.102168771011933,-0.0562784508441537,-0.0979760519252797,-0.0626234776650221,-0.0923603533254595,-0.0699531369976484,-0.0880032265745759,-0.075932847998583,-0.0824575129213417,-0.0800024871836807,-0.0747901255272577,-0.083858280755541,-0.0663597600386902,-0.0881114698589621,-0.0580019390289587,-0.0920113037680601,-0.0496252727124751,-0.0955879596508873,-0.0416670557843007,-0.0970455161329875,-0.0334914745798607,-0.0984316166988574,-0.0250677941512896,-0.10044342025026,-0.0168371245295276,-0.102502512037691,-0.00895645476397964,-0.105727391668228,-0.0020332649143078,-0.108472501659371,0.00494361975552814,-0.108876519230763,0.0118235589377109,-0.109279997397372,0.0183757914521494,-0.10792398116183,0.0236786996045038,-0.104662790764572,0.0266141582031554,-0.0999347853147562,0.0282777287917169,-0.0975279413210677,0.0315020739641778,-0.0954132047429121,0.0366166022924014,-0.0933499171078136,0.0407298610595233,-0.0919954526748904,0.0431690633778275,-0.0899568086067813,0.045016788007047,-0.0892700160856458,0.0474678873814439,-0.0895495690893342,0.0515104205169525,-0.0898532308256293,0.0564045915397582,-0.089009669527385,0.0627472322609788,-0.0853159552083716,0.0695360513351157,-0.080463693191565,0.0793334313515272,-0.073318918846144,0.0916790061705074,-0.0627126583068365,0.10210331386717,-0.0489108801877679,0.107199577355288,-0.0347419931069034,0.105368104543707,-0.0216969515027445,0.100022598873193,-0.0117385695642267,0.0973031386657793,-0.00454980438800143,0.0965997526586652,0.00206823685279676,0.0968090454469633,0.00801863428776935,0.0932227827154018,0.0126705436496975,0.0859111242060711,0.0214797384754407,0.079403629582322,0.0332101746307432,0.072515082522441,0.0452737113451363,0.0645991682387274,0.0553834111687773,0.0586781152548259,0.0627975347607655,0.0546760394274406,0.0679165841927296,0.0531437639093849,0.0720945686112055,0.0540896554156043,0.0765043560252098,0.0561873528453397,0.0821184412013971,0.059503367656797,0.0892507725803865,0.0613547508982381,0.094759082020398,0.0624286386097367,0.101244586388865,0.0625921990330189,0.106594000540288,0.0615637992251193
"PrasTeg36",0.106323698588686,0.0680131873176931,0.106392646006375,0.0602167635269025,0.106397756636193,0.0531346822663811,0.1072491137514,0.0463544473225794,0.107756541994956,0.0388322811400059,0.107915601706154,0.0307885205818322,0.107781822447268,0.0223904506705403,0.106674426249288,0.0137634169020402,0.105784762932778,0.00521389056851181,0.104698746021466,-0.00278488274529995,0.102680599734867,-0.0107229184374466,0.101072039480846,-0.0183339348640866,0.0994970921544016,-0.0257348507792927,0.0978144249788146,-0.0328117293234783,0.0936860485762981,-0.03894594918954,0.0895322499837313,-0.0451223744746659,0.0851339542387353,-0.0517894869131042,0.080155550639965,-0.0585829294745173,0.0750895976894647,-0.0654205248009385,0.0698363071174538,-0.072286744817374,0.0647485844970739,-0.0790753527222603,0.0589401359962799,-0.0851163213956232,0.0525278886588915,-0.0905937834745681,0.0461335095372077,-0.0958215503400786,0.0388618082455837,-0.0995541530668846,0.0313968996527092,-0.102991356751764,0.0236724373123065,-0.105689759253851,0.0159506658142759,-0.10833003919553,0.0080422981062194,-0.110539100735409,-6.8207060671106e-05,-0.111803050983217,-0.00814009026915068,-0.112570127558911,-0.0160844380739191,-0.112858246700652,-0.0237533370717457,-0.112647619348929,-0.0308833730932166,-0.109359817686294,-0.0390445753729017,-0.106933305278322,-0.0468252012266767,-0.103131805237185,-0.0539136277231751,-0.0973891464769781,-0.061271883351492,-0.0910371505814438,-0.0689628157054996,-0.0845804266738437,-0.0762387058093706,-0.0778119152238075,-0.0827159852385819,-0.0698545964905054,-0.0891837019998025,-0.0617888645169767,-0.0933807546021147,-0.0524572419064837,-0.0961165096950831,-0.0424824375669621,-0.0993166074318915,-0.033021737790909,-0.100855768831217,-0.0236661059089815,-0.100882168209216,-0.0138886680203932,-0.103042072642719,-0.00444213525807836,-0.107684390891932,0.00410288641657964,-0.11056368811307,0.0126549990633429,-0.110466064921482,0.0216917922035328,-0.10588179750931,0.0303431677556901,-0.101402170960237,0.039976043665004,-0.0995593015920813,0.0489911675621302,-0.0983102352798976,0.0551681958405143,-0.0960910669340214,0.059797099104633,-0.0945927151212945,0.0633062962032387,-0.0940915154085281,0.0678208156570969,-0.0925080305700962,0.0704573668577058,-0.0902014473802815,0.0710561923838634,-0.0877029786429674,0.0721087756825717,-0.0850679398807676,0.0729996176505748,-0.0822443833474122,0.0751211334951279,-0.0795554957558353,0.0780591404392604,-0.0749966234479461,0.0806523072014231,-0.0715563540190043,0.0851126322034294,-0.0688505687032422,0.0918875646529061,-0.0629817278877089,0.0979539431629662,-0.0544185427053891,0.10164857961609,-0.0443622133658928,0.102413917862911,-0.034969842603689,0.0985373088900895,-0.0264263421424103,0.0938123952734473,-0.0189918340815414,0.0938690739236598,-0.0132950909538065,0.0942755106235772,-0.00825639309244586,0.0959084767515879,-0.00313446332114657,0.0939160709345037,0.00251202579124563,0.0904471245484946,0.0075692558575006,0.0837665148996478,0.0149031412791118,0.0767193944720678,0.0241474869387834,0.0705593429482391,0.0322775785780584,0.0656577120376017,0.0384095093724839,0.0622800768409578,0.0440850434500275,0.0635980520660274,0.0495905166149334,0.0638950684143412,0.0558714144737584,0.0629086839190395,0.0647405314901623,0.0634014545234247,0.0753615230420369,0.065712182068603,0.084077217973377,0.0644284457220591,0.0947313941191485,0.064416420100561,0.103592905058748,0.0667774492114417
"PrasTeg38",0.113795433915709,0.0725384699098253,0.114376691293647,0.0650403440792938,0.114131086891814,0.0578730410890462,0.113004921013121,0.050897945924727,0.113405451787661,0.0431446405800549,0.113209738987121,0.0348506954415531,0.112656020332857,0.0261223187829411,0.112399808532409,0.0170313250623116,0.11192381009514,0.00805511449226736,0.111443782958999,-0.000393150757946846,0.111002318756807,-0.00888592533158789,0.109442627554578,-0.0166502667461143,0.106304797464377,-0.0238457492924077,0.103134798258068,-0.0311573019724099,0.0996745607877386,-0.0386400259257552,0.0962146219509767,-0.0459941517125742,0.0915499294648941,-0.0532474427545337,0.0867395408276906,-0.0608918008984217,0.081115194030654,-0.0680375603504354,0.0744168380617785,-0.074584190745042,0.067583093385315,-0.0810730501782205,0.0601422334000034,-0.0869475779908261,0.0525110717243621,-0.0928077185797854,0.044697849022492,-0.0982121173131076,0.0365515031900261,-0.102799134036468,0.0281187350991168,-0.106567207036389,0.0202430787435866,-0.110987140059536,0.012084661150348,-0.114277214405322,0.00346020626655205,-0.116071372366053,-0.00475039457896621,-0.118771445795262,-0.0130378556898639,-0.119316920084238,-0.0214124158233167,-0.117289290971633,-0.0301978293564003,-0.114828515285688,-0.0389398049210036,-0.111284795179094,-0.0478242253269869,-0.106526429267095,-0.0558189445899479,-0.0997719662807113,-0.0641847785093811,-0.0927932218816199,-0.071821388149553,-0.0844226318916842,-0.0785902098343441,-0.0748352154452947,-0.0857577495495077,-0.0656662101615544,-0.0922055080275829,-0.0557088859343286,-0.0977074384984492,-0.0452320311474633,-0.100605368845239,-0.0340343925835358,-0.101934946153656,-0.0227902704616156,-0.104221480997146,-0.0125723107755819,-0.107567810724378,-0.00369841125264279,-0.10884073500027,0.00519663474850594,-0.108903092990058,0.0132477922158314,-0.105913644297679,0.0199360484169885,-0.100324028672928,0.0246977393056846,-0.0944858723793775,0.0292592614056471,-0.0909662216901917,0.0342425976928637,-0.0926027740358314,0.0407942631881941,-0.0957256335444488,0.0465124856992784,-0.0940452925042217,0.0501561979769468,-0.0901220574643777,0.0518383903999375,-0.0870890644425202,0.0516711635529405,-0.0844669519486052,0.0495551022228178,-0.082461132460799,0.0465619208424328,-0.0795805910754267,0.0455434468840443,-0.0772043719784499,0.0452449768832121,-0.0763464831804044,0.046255761719426,-0.078653712726352,0.0477479988038577,-0.0823059107552911,0.0499494440620271,-0.083580691960364,0.0546755982192275,-0.0813645849782716,0.0619348666671344,-0.0804018959267331,0.0734258277070556,-0.0787673892982445,0.0876412768448557,-0.0688284372793839,0.0971644450312793,-0.0546425637322714,0.102342783568251,-0.0408668439436176,0.100337920510709,-0.0309819881713969,0.0935022627255507,-0.0286139243898138,0.0855464773319485,-0.0284814731896012,0.0802645356753967,-0.0279859805300895,0.0759730796680088,-0.0236438175692776,0.0731971310645054,-0.016136741752941,0.0719465435792421,-0.00530668709588021,0.0705977518153173,0.00891699016469994,0.06937043744742,0.0247839652878547,0.0674749504955973,0.0384012438746284,0.0661538101563808,0.0487915356004869,0.0651179398996635,0.0559815964749493,0.0640926336095217,0.0616079043009984,0.0637426610584989,0.0675274684826045,0.0638766560572864,0.0756657374676455,0.064424669471288,0.0856531562968535,0.0651088475215963,0.0937042321282412,0.0659201864184488,0.103281691220637,0.0681422919291948,0.111159749670653,0.0716538523452348
"PrasTeg39",0.111026915792853,0.0635240559505353,0.111126556918358,0.0564846880647589,0.111289974369953,0.0494238669244921,0.111024170736328,0.0425418753549329,0.109449008255882,0.0351280480838853,0.107845452104405,0.0272509169660728,0.10669556327216,0.0189558024919569,0.105493340547753,0.0104123939378307,0.104843214798148,0.00198582803272208,0.103449991614229,-0.00581951275031667,0.102410723759402,-0.0136877321893219,0.101056925649296,-0.0207956456121267,0.0979642950900759,-0.0270838728144164,0.0968893528822615,-0.0339138941694473,0.0938327493544625,-0.0402697517278023,0.0916688720640037,-0.046960248615834,0.0876275248780525,-0.0532175163823791,0.0831712901723177,-0.0597814067605035,0.0785369890391135,-0.0664457079962448,0.0730044163395026,-0.0727161666371157,0.0672272387657315,-0.0787603028526362,0.0616021580562469,-0.084927321728513,0.0547224949283003,-0.0898366292396639,0.0478706374936511,-0.0947774059545867,0.0403030411759015,-0.0984791655730366,0.0326686561010334,-0.102083440074849,0.0245927123501578,-0.104470222338392,0.0164262696189558,-0.106695096228968,0.00806210736323337,-0.108546616830322,-0.000283357567022751,-0.110285319433306,-0.00842392069487702,-0.11168635308446,-0.0164138565620208,-0.111155601420985,-0.0242436434581794,-0.108062286372292,-0.0327971919210857,-0.106381886007351,-0.0413563607113735,-0.102817915466913,-0.0499780714448143,-0.0990327537168375,-0.0579700606870845,-0.093851162154972,-0.0651375737790216,-0.0869904136589122,-0.0714767928655475,-0.0789194983905325,-0.0761470372778901,-0.0694332664010423,-0.0816513312832719,-0.0596409143980211,-0.0871349424241314,-0.0495999992765191,-0.0924469764639099,-0.0398688236589104,-0.0981386629344057,-0.0310954956825064,-0.103848599498729,-0.0235171993689439,-0.109036851181924,-0.016909623166704,-0.113556371852714,-0.0105450319298904,-0.116410171483522,-0.00417645871302731,-0.117335563240897,0.00197041738190544,-0.115890457288837,0.00771179176006,-0.113103853146044,0.0136023774643808,-0.107984235564389,0.0188815206442038,-0.103394634932135,0.0258143226890315,-0.0996547123505975,0.0317480290673598,-0.0944035338033003,0.0343743977893305,-0.0915197695935593,0.0395660921455564,-0.0903164992444187,0.0446399337969047,-0.088715890071729,0.0510051327226156,-0.0865680195460158,0.0558650017975856,-0.0854797769268676,0.0588985033938604,-0.0831141783593199,0.0610179262947338,-0.0802107713720863,0.0625999803766708,-0.0765841004042515,0.0644915568399413,-0.0734578719227635,0.0667268457804594,-0.0724923230955053,0.0710179790318551,-0.072630639670654,0.0769533084141515,-0.0725700185624482,0.0851340591820154,-0.0701267856357627,0.094604597398233,-0.063336146905302,0.101727281884122,-0.053381798785113,0.10547544885848,-0.0428100708679012,0.105895580747666,-0.0332942283646612,0.105615609659135,-0.0272339793980173,0.10195491277574,-0.022912431917801,0.0987652433215916,-0.0187432072634068,0.0947843211292432,-0.0134050055196676,0.089123969985139,-0.00614148982349643,0.0832467169124161,0.00461947868184573,0.0782215331767154,0.0187729104788422,0.0737958289180852,0.034278137133476,0.0694012482529253,0.0472670176763277,0.0659158212244346,0.0569760136833498,0.0634832765622963,0.0634064026471968,0.0613496575371382,0.0683041823496583,0.060031017454005,0.0732770931635142,0.0589370798947226,0.0799134139990922,0.0584992527816905,0.0877402035584003,0.0602502905606292,0.0941202097256137,0.0612524113612646,0.101893658353953,0.0624770656332273,0.108697716801833,0.0635696755247669
"PrasTeg40",0.11075042099277,0.0754789830319545,0.111830503585553,0.0674387516832281,0.112284371082465,0.0594767623612385,0.110701340411663,0.0516761452133555,0.111707376460058,0.0429870748547495,0.112124835798443,0.0337122065081392,0.111216769218079,0.024103789874554,0.11028359315193,0.0142446456404458,0.109357629515304,0.00462614150235423,0.108364514391104,-0.00428101547193312,0.10668508966337,-0.0131017416865759,0.104183826160579,-0.0212238881998199,0.100665838981334,-0.0287852646421828,0.09716958501896,-0.0363378936999311,0.0935723955148252,-0.0440301584598884,0.0898424143127765,-0.0513959682720112,0.0860995601764367,-0.0591151871902125,0.0811510647060516,-0.0663633807322886,0.0754486817574863,-0.0730639305481204,0.0694303783360291,-0.0796499699061701,0.0628021621185297,-0.0854993790860024,0.0559100326234348,-0.0909849034227954,0.0488036246529677,-0.0962382151803631,0.0418690671583826,-0.101365395591946,0.0350384706132641,-0.106143212002751,0.0282872987978638,-0.110381790909228,0.0208849424393133,-0.112673781894706,0.0129787546020898,-0.113494292510017,0.00491876894348335,-0.115052210939472,-0.00331757735312463,-0.115847862610918,-0.0116369425855345,-0.114658773222664,-0.0200124564488132,-0.111811793004417,-0.0287716585151356,-0.108386829734109,-0.0376109307521518,-0.104158426676811,-0.0467412149605034,-0.0988854096963368,-0.0559979826516824,-0.093445175894727,-0.065580113241796,-0.0883885075617906,-0.074838766280645,-0.0828521012386036,-0.0823218054567303,-0.0749559027031295,-0.0878445474066585,-0.0652174707817846,-0.0936850585878426,-0.0549672966893139,-0.0983401780487582,-0.0438285888474697,-0.100799460077852,-0.0320097371827187,-0.104664442826955,-0.0210059520684306,-0.108529353151007,-0.0110205173721288,-0.111674050648445,-0.00203328571389893,-0.114180271141859,0.006506911689937,-0.11462524114738,0.0145248643999585,-0.113442231789528,0.0217346471229994,-0.111247931064155,0.0277219913737938,-0.107260124198582,0.0321082685352908,-0.100960664021896,0.0332533583058803,-0.0948725024534429,0.0336825092728339,-0.093758060278136,0.0383067407508199,-0.0961477087395003,0.0422984862562772,-0.0961833078843297,0.0447155146841064,-0.093620202739427,0.0449439733941544,-0.0897190687566978,0.0437014168988836,-0.0869410760745651,0.0401087873374757,-0.0855210374386865,0.0364486263626649,-0.082904651569471,0.0341682643177828,-0.0800573417232739,0.0330829268340576,-0.0776483692694124,0.0335088771045109,-0.0781958426735954,0.0352586076313119,-0.0818791658782373,0.0373257829286473,-0.0861982627008889,0.0428947732345322,-0.0906089523181587,0.0512555141481048,-0.0850735883079144,0.061019671017801,-0.0758965074219243,0.073871689292026,-0.06370841917653,0.0861410548599572,-0.0497937613485935,0.0930955920737911,-0.0355287578359396,0.0938815822769598,-0.0246513230592601,0.0933795263470871,-0.0167050442926798,0.0946476566379836,-0.00894033908892235,0.0955962545247553,-0.000304058475705941,0.0939874304526529,0.00855924382933393,0.0898853017837496,0.0172793454644435,0.0821565519514977,0.025442392816989,0.0719974925953301,0.0384649976496079,0.0681529355708591,0.0489344953187855,0.06284600194526,0.0569743628217171,0.0595152329619915,0.0623810082278484,0.0581143211055639,0.0665537144295684,0.0591999900849569,0.0707162465861092,0.062132546056742,0.0774194752890128,0.0643337874408883,0.0858956554008636,0.0663086758238513,0.0922644890208611,0.0693652959919988,0.100489742772362,0.0729003895709051,0.108172961839678,0.0749538980461472
"PrasTeg41",0.10026359005441,0.0820785950487716,0.101227653439544,0.0718959587415305,0.101631642652788,0.0614950390487014,0.102581117575015,0.0512888434607664,0.102508690974397,0.0404244425092793,0.101771300778242,0.0295566892946563,0.101158719561366,0.0187628442451295,0.100729248847066,0.00818230709294426,0.0990587489642506,-0.00166706924358417,0.0967784962624808,-0.0104220757748897,0.0950095096220204,-0.0191907006723818,0.0928651121824629,-0.0273278225868968,0.0909382090218735,-0.0351182578369513,0.0879851625839662,-0.0423451922363741,0.0849562225885768,-0.0495841655944392,0.0826006469946785,-0.0566678457693852,0.0783898576097951,-0.0631088506980121,0.0728138518584588,-0.0691338455628106,0.067279788663371,-0.0753590493128371,0.0606559765049839,-0.0807662462286755,0.0540841855307574,-0.0863131075984216,0.0476526846588834,-0.0920100602876923,0.0408451951560466,-0.0972431849702623,0.0349317050012214,-0.10311852646949,0.0290261612029472,-0.108451727569943,0.0221539656086565,-0.111858219387841,0.0145675871240129,-0.113673450933633,0.0070454337476594,-0.116088542969875,-0.000602871723572994,-0.118340015367286,-0.00831705398963128,-0.120060777070257,-0.0157895178363264,-0.12164220980803,-0.0229710196895853,-0.122267397400818,-0.0298943910815018,-0.119533132370736,-0.0371407107165199,-0.11567117027068,-0.0450315371078547,-0.111032228707305,-0.0530481679641714,-0.105741946581642,-0.0611159932959397,-0.0998240764034318,-0.0694407206289094,-0.0937131064662308,-0.0764624132460166,-0.0857151057661487,-0.0830259059838425,-0.0772695975555723,-0.0891249207699419,-0.0681039272014515,-0.0932612220095281,-0.0575481579342102,-0.0966602390311983,-0.0467614052933423,-0.0991365924577423,-0.0361195584648167,-0.0996996819650694,-0.025909961370588,-0.101546257107089,-0.0169737793340152,-0.107137421972446,-0.00947278158146758,-0.109839770882571,-0.00108288184746237,-0.108470299619697,0.00792520834492684,-0.106236825047998,0.0165336491999509,-0.103541984815083,0.0248205156291206,-0.103588751251949,0.0324373280032919,-0.103718168198998,0.0389604358050575,-0.10364341393012,0.0433782269090174,-0.101489197499226,0.0445837784475691,-0.0983315302611312,0.0433812320783908,-0.0970325617443041,0.040982239501648,-0.0946203076419061,0.0396384043842709,-0.0918889024152953,0.0390298926141468,-0.0895408198525236,0.0397903161330209,-0.0875484776584695,0.0410144615069993,-0.0863705772773309,0.0421857165996046,-0.0876991040126012,0.0435133156225405,-0.0908460532795057,0.0450936356849263,-0.0954252127541523,0.0473582124809877,-0.0997444911034108,0.0522976375236291,-0.100839888159001,0.0610801280644929,-0.0971813780655451,0.0734868498481243,-0.0890418444054399,0.0863388789304248,-0.075928711420971,0.0947952928392212,-0.0593351660885149,0.093435568805082,-0.041787704266684,0.0907385820761655,-0.0282239749075289,0.0899162130799687,-0.0184409749618019,0.0890302384281139,-0.00875922423001722,0.0878889016557771,0.00260580510102967,0.0866340886664584,0.0142319161055065,0.0821717325518129,0.0263149505524044,0.0732828913077427,0.039327935383549,0.0619407280625311,0.0521667727657936,0.0508889721587542,0.0615957799158898,0.04280286804319,0.0674699067162723,0.0377965376417647,0.0720517176325615,0.0376212407247251,0.0757491680395345,0.0401030391248377,0.0792270758837665,0.0447840691206502,0.084437502295427,0.0512117396540704,0.0898412515966885,0.0587783389108449,0.0922623033723486,0.0651742029647862,0.0942757021173179,0.0739018276663499,0.0977370701390608,0.0811057662520005
"PrasTeg43",0.104472045212665,0.071233883778452,0.105770341396255,0.0627865704312298,0.106510382411527,0.0545610831979163,0.106876641970091,0.0464536922031471,0.106871516440639,0.0376687529942452,0.10688079944156,0.0287013197247865,0.106503805624023,0.0198377855231244,0.103804032272732,0.0114260882140148,0.100786559100728,0.00337667174943973,0.0999454195672501,-0.00448170009962947,0.0996294300114319,-0.0124241529895373,0.0969939144253832,-0.0195739691241088,0.0947320686547802,-0.0268395972206821,0.0918000437561609,-0.0338780691262367,0.0891987923200452,-0.0412510582427106,0.0865826723686668,-0.0484428635584068,0.0827105939819475,-0.0555109678190449,0.0784244874486809,-0.0627391381019596,0.0743845114774545,-0.070139209258475,0.0692404900138472,-0.0769590847048772,0.0635968748302296,-0.0832838813662179,0.0573825865275783,-0.0890366127235984,0.0504353311551386,-0.0941165299796198,0.0436929079792068,-0.0993446800582471,0.0365096395467502,-0.10373627550184,0.0292817621435614,-0.107854008821442,0.02187266004757,-0.111313591639379,0.014304806907219,-0.11414758340883,0.00632076769528717,-0.115800746216123,-0.00188917193450996,-0.116555540242212,-0.0101970633367027,-0.115971435481083,-0.0185774499984532,-0.114438627505936,-0.0271639656305686,-0.112877188247949,-0.0355853654228148,-0.110195515526336,-0.0441515065107369,-0.106491103909117,-0.0524215046508313,-0.102007042718087,-0.0600653806926199,-0.0963498665550221,-0.0663296672928564,-0.0884705066063463,-0.0734195928151926,-0.0807168693099354,-0.0800379573690688,-0.072624037633185,-0.0870961304466819,-0.0646062768354891,-0.0939300856956348,-0.0564776136559839,-0.0999328398294587,-0.0485353933611211,-0.103753022346211,-0.040253317932414,-0.103789514195528,-0.0313818203480862,-0.101331663129521,-0.0225049060291868,-0.100334452090423,-0.0130395023099963,-0.102639452973321,-0.00351288277236492,-0.106542596231803,0.00561989231590785,-0.109099612104415,0.0144865645910357,-0.109956560305374,0.0231774744280766,-0.108048874617138,0.0304778128990033,-0.103223625900941,0.036062316340304,-0.0977907815496397,0.0390119383140419,-0.0928476702206285,0.0392543658586451,-0.0887659764668223,0.0399114285515429,-0.0880391705514215,0.0430586204074667,-0.0899218845367163,0.0480193594988977,-0.091664818959224,0.0511296712748421,-0.0901383381362503,0.0521270577659288,-0.0873416873145955,0.051831654612076,-0.0845843270213414,0.052192179293967,-0.0830830040559332,0.0551238570721578,-0.0833822314305036,0.0596432881559192,-0.0801319102616044,0.0644253160689634,-0.0745490341473932,0.0696758267726287,-0.0682651715739704,0.0777708074825142,-0.065559045033432,0.0903226556267867,-0.0587098667361329,0.101009307371621,-0.0498118659355887,0.108560285743766,-0.0400287681750333,0.110231535751399,-0.0305512920160529,0.108544319994085,-0.0234822349330827,0.106708542244408,-0.0186271150268735,0.104681547062926,-0.0138028795317524,0.10171335223335,-0.00796549308610221,0.0960429358957143,-0.000422607541007872,0.0890902499631994,0.0104055581178219,0.081681780183603,0.0239351668096134,0.0735476000842505,0.0378836524449998,0.0649571849892686,0.0486790113188678,0.0578822696280091,0.0564556686956856,0.0536022195038303,0.0611741230568989,0.0517055421037532,0.0646582875830583,0.0530637002290065,0.0679686181860501,0.0565251878108515,0.072698173961741,0.0612682506357718,0.0803259438490093,0.0638215376659197,0.0869405986852236,0.0653250907614814,0.0950182510225502,0.0680683126450229,0.102194221265456,0.0703155177385441
"PrasTeg44",0.103764735079989,0.0657962134793851,0.10524561496947,0.0581083453071556,0.107278425830471,0.0516663891741067,0.107571013886915,0.0458407115303089,0.107255885690925,0.0395430175770085,0.106936399983099,0.0325940677076398,0.106025346807001,0.0249602318156404,0.105607719413742,0.0165793505681348,0.105154134610725,0.00794884597914364,0.104665561677385,-0.000490378491941507,0.104075594723598,-0.00922999976415365,0.103263100915097,-0.0175346543824221,0.102158238520193,-0.0257646124258181,0.100599953326428,-0.0338611100404364,0.0989913339161594,-0.0419609013466823,0.0957011946912291,-0.0493493420614076,0.0913479293160577,-0.0568324902911444,0.0863816187046173,-0.0643942713307969,0.0811190095484738,-0.0719098461846114,0.0750429730896499,-0.0790111247664031,0.0684152317807338,-0.0854364354906833,0.0615501516070287,-0.0914974451584186,0.0541491703684883,-0.0968091216440535,0.0475042424791133,-0.102537355511803,0.040438373344088,-0.106929913960518,0.0340641643464207,-0.111251694270815,0.0270441960975105,-0.112527966870098,0.0195312188110601,-0.111479868548278,0.011465461072874,-0.10973308529101,0.00339928171648589,-0.106583669917089,-0.00537825872693003,-0.105864111740693,-0.0144670916919394,-0.106059751072132,-0.0235163559182283,-0.104558859017472,-0.0322412492128562,-0.100881987442827,-0.0412882554135171,-0.0960953837737589,-0.0496585871497191,-0.089608884963449,-0.0578673507611361,-0.0821971763560458,-0.066379422478356,-0.0744744576217759,-0.0749119032516379,-0.0664802759092004,-0.0829341525074149,-0.0584987085765172,-0.0907327656454482,-0.0504858633064038,-0.0961748045739972,-0.040953761418021,-0.0989408224789358,-0.0304122503603304,-0.10165457137893,-0.0202957806645517,-0.106689858699894,-0.0119458266424502,-0.110349698724463,-0.00388870723393147,-0.114606672830457,0.00335268409400891,-0.119417216628515,0.00913406616747236,-0.124405576432829,0.0134780585981221,-0.126070903134965,0.0187128967077416,-0.123197068723672,0.0248616942902367,-0.120906511040321,0.031463174984049,-0.117336275660775,0.0368338440998634,-0.111928524877168,0.0385537845021186,-0.106427521076235,0.0384839189057172,-0.10025938061223,0.0371015016024862,-0.096021959587846,0.0357265936879808,-0.0915535669788433,0.0357923241747727,-0.0880343522535865,0.0371709421917086,-0.0859388790819596,0.0387646347609374,-0.084955912057967,0.0416433707393989,-0.0826573446255931,0.0438836805101322,-0.0807543596000975,0.0475161646970474,-0.0799131831631375,0.0518092881788668,-0.0822506545462213,0.0569135188294311,-0.0869542288113746,0.0632636477043591,-0.0884024198702587,0.0731683910030058,-0.0866664290608179,0.0855025730640746,-0.0792137344476341,0.0941018994256805,-0.0647496465995261,0.0933518760889491,-0.0474079856464585,0.0922269058408442,-0.0312136965964255,0.0863049490323812,-0.0196264001380604,0.0809685404574947,-0.0125134601678713,0.0755777236328749,-0.00533711885302793,0.0702418431583318,0.00383970065211989,0.0643243176448177,0.0124365240179511,0.0560843090112026,0.0235062023027846,0.0500279465400513,0.0372562867224771,0.0513076959634739,0.0503651571037151,0.0586580422417652,0.0585089653819524,0.0684800244491572,0.06643712083477,0.0723025746865258,0.0732320753320133,0.0720001305088286,0.0789834357453999,0.072018717147579,0.0849377359619243,0.071758280282736,0.0917991283667732,0.0696411039677542,0.0958838951344662,0.063577022039077,0.094923553655917,0.0580062413273606,0.0987798001634795,0.0582110555796501,0.10135734446346,0.0647698387342396
"PrasTeg46",0.109338735222571,0.0761241244363539,0.110798204369109,0.0679665438528518,0.110271117915744,0.0592799239651938,0.110608617804246,0.0505726827172582,0.111593148721306,0.0409066174410779,0.114053685257786,0.0309418067143071,0.114148084589777,0.0204021037480396,0.114214089712854,0.00956170941729685,0.113604889642597,-0.000955887491400103,0.112742248005244,-0.0107315297259943,0.111531089038197,-0.0204545188012229,0.110055587466985,-0.0294241494128189,0.108212496798841,-0.0380097533214268,0.106145018192726,-0.0462092150548937,0.101967773509519,-0.0536226459228923,0.0988423397804701,-0.0613518652237231,0.0950068943540126,-0.0690984532988356,0.089690702658758,-0.0762182635756949,0.0839049896016213,-0.083067609635718,0.0774742675034203,-0.0895489949914976,0.0706431451142187,-0.0954988666831236,0.0635743797885062,-0.101102063235445,0.0561600804432919,-0.106275823110461,0.0488757393264456,-0.111234696346111,0.0412111375696366,-0.115030487288148,0.0330875736165042,-0.117352369569561,0.0245570055496768,-0.117983834201889,0.0159045955339563,-0.118819555777963,0.00709949424693873,-0.119800941638185,-0.00182669190996577,-0.118694999186465,-0.0107705384170789,-0.115875832459184,-0.0200836224017227,-0.113244411357817,-0.0291777289205295,-0.109008895714999,-0.037963187121713,-0.103334577448651,-0.0472945503694256,-0.0970953342011205,-0.0562894038078433,-0.0901204333685273,-0.0643248121465511,-0.0817372584600357,-0.0715023277631334,-0.0722242641832316,-0.0768317002800708,-0.0611225480966781,-0.0828727431014273,-0.0505770279994486,-0.0892051234939118,-0.0401321144633352,-0.0961194942165747,-0.0304509323450972,-0.10397412153785,-0.0228664043887877,-0.109186372370299,-0.0152138964494703,-0.108306374552741,-0.006033080891933,-0.104807282150134,0.00341764579928178,-0.102654083198745,0.0136530526027566,-0.0989401737992037,0.0228307600846286,-0.0952428661401179,0.0306293712647999,-0.09617103906385,0.0378504723739731,-0.101279409521205,0.0436533142525759,-0.102984709851955,0.0481158410720628,-0.0986622413864669,0.0499893218219996,-0.0941006039742323,0.0487542152648236,-0.091194847322667,0.0444719901684459,-0.0899143759394718,0.0373289439427993,-0.0889479639747401,0.0318463532467707,-0.0862418477996124,0.0264120415335291,-0.0826177256962485,0.0222458101998586,-0.0793976273385613,0.0196263260213223,-0.0760813564471585,0.0184717361782555,-0.0736050717473515,0.0181764430393278,-0.0732078162420188,0.0199601849280913,-0.0759976158430725,0.0222113801641902,-0.0751729030038802,0.0272786982147215,-0.0764578937611386,0.0350033161858224,-0.0822891738565897,0.0451557988858876,-0.0854444939383693,0.0590285878576001,-0.0804783301462952,0.0733173210938179,-0.0724004271508287,0.0864275075929998,-0.0602716068058452,0.0927955232881688,-0.0467649552710401,0.0941008940264438,-0.0363840998910485,0.0943251895193764,-0.0288959106013349,0.0941000729077805,-0.0213032420665873,0.0927137821162139,-0.0116582016814962,0.0915664962979051,-0.000621147374649333,0.0910759380833494,0.0116900714480273,0.0876971578050857,0.0236974027117049,0.078954771034586,0.036480554162641,0.0704488645262029,0.0487508651614852,0.0672494992139727,0.0577072715862324,0.0644079751861628,0.0637647354440219,0.063674390890271,0.0683221096902077,0.0649795384887105,0.0728087609176118,0.0677551378414677,0.0787050747142389,0.0716622473745566,0.0866750022926278,0.0738052951061724,0.0930942118932614,0.0752669762244379,0.100683138247482,0.0773509430768939,0.107178464580276,0.0771164418999221
"PrasTeg47",0.110956087262667,0.0644042694312923,0.111868043742284,0.056703637871053,0.112578997788718,0.0486674198854547,0.112254669986735,0.040537510181386,0.113790331656011,0.0315589858383962,0.115594730465885,0.0221662117428857,0.115085370094261,0.0128801151782065,0.113587066420203,0.00462757217861702,0.109730780914024,-0.000366448717469288,0.113637115607559,-0.00410084217141907,0.113941874962441,-0.0103533476508456,0.111381824873605,-0.0168697792550052,0.107713780239812,-0.0230127099681892,0.107608978950449,-0.0299826188404048,0.107047227194868,-0.0365911139679862,0.102292318497198,-0.0413234786155215,0.0975693565273097,-0.0477189190587685,0.0929440445460425,-0.0552485423348347,0.0878086598329545,-0.0629007057510193,0.0814990077640568,-0.0699254575446385,0.0733142831915028,-0.0749746034881977,0.0671401411192231,-0.0826303028851803,0.0597957749792993,-0.0897048141203536,0.0516347284598653,-0.0958799940473862,0.042333162085129,-0.100377447456381,0.0330207578604095,-0.105066901711784,0.0235675747035961,-0.109221528568547,0.0142429204409029,-0.1132330947074,0.00510238108006119,-0.117122775476807,-0.00376846938583181,-0.120292967826352,-0.0129157430240244,-0.12026536091834,-0.0220762094863833,-0.119023766170287,-0.0309261661064996,-0.114886340120561,-0.03979632312449,-0.109137439211316,-0.0493726196703566,-0.102406732805238,-0.0587320462804176,-0.0946755838246554,-0.0675041972466806,-0.0857173337438837,-0.076027377292184,-0.0758946333861336,-0.0839772628335425,-0.0655993447350692,-0.0892989310814052,-0.0539499780258569,-0.0927195320330585,-0.040976177223332,-0.095601994489418,-0.0279223759687225,-0.0965372260083676,-0.0152291415571549,-0.0977790323021828,-0.00368010974088745,-0.1010381694859,0.00587157483035518,-0.106792933750101,0.0129192396525647,-0.110407625615469,0.0198562677763794,-0.109035606334735,0.0268523570937186,-0.104608919626876,0.0321419949953761,-0.0983948876900689,0.0345704723739026,-0.0915391162920125,0.0354601872983352,-0.0860904796918295,0.0362171374520448,-0.0830614676460349,0.0328090437932897,-0.0842272803292656,0.027582083186059,-0.0830748183995704,0.0260494842305543,-0.0820575640977859,0.0294816281673873,-0.0836535739283631,0.0337553572024372,-0.086681080467393,0.0399331372419754,-0.087732563404873,0.0466566295910886,-0.0886096678979448,0.0516103400953174,-0.0904522491817,0.0562442797074125,-0.0901115914477958,0.0609139423094019,-0.0888163948612002,0.0664624354531421,-0.088262229251854,0.0716980628252851,-0.0854693941062969,0.0745957771021307,-0.0846059166021769,0.0708376978719424,-0.0830800187537083,0.0639725785451555,-0.0783678870272019,0.0643756433519074,-0.0751357546757794,0.072724518229999,-0.0680424144743248,0.0825218639604548,-0.0588955064841177,0.0905475568147686,-0.0490015274886749,0.0955586210885388,-0.0408799405993838,0.0977252272367835,-0.0346351035623428,0.0986339038068241,-0.0283114517765497,0.0973147782822119,-0.0206517054939259,0.096170690249938,-0.0117875440610976,0.0961509181971125,-0.000955904879882136,0.0963877425818198,0.0114907234900203,0.0937755947579167,0.0233267052600496,0.0855731274006969,0.0339285308328548,0.0779956609061565,0.0430237315212514,0.073181013033653,0.0496067075762663,0.0703845034398623,0.0553432494162408,0.0701574240190246,0.0616018890855043,0.0697384661465198,0.0703402128229631,0.0694323357384183,0.0810962184274632,0.0695434669861323,0.0897437119360402,0.0688028107395868,0.0998495944777219,0.0670787971879747,0.1079567841292,0.0645772272978603
"StrwTeg01",0.113067264005679,0.0700913286793175,0.113546671992348,0.0626480495853498,0.11457865517841,0.0559346874610674,0.113301722424747,0.0493759070830195,0.112206493639989,0.0420116931692221,0.110590782581769,0.0343505606367639,0.109775159037963,0.0262348549643892,0.108181556920324,0.0179665411277944,0.10605970230835,0.00987862932128746,0.104002699957397,0.00227719610642156,0.101927415303545,-0.00546426754413417,0.09982611796081,-0.0128316567386068,0.0971853230089558,-0.0198538320105068,0.0938976613029539,-0.0265604070556922,0.0913250844155155,-0.0336928980468017,0.0872127087494289,-0.0398806163373329,0.0824126232864086,-0.0462859611697947,0.0777639523930219,-0.053266138010126,0.0720569575568972,-0.0595051525238024,0.067144404008454,-0.0665519260131911,0.0619675992441396,-0.0731615539433492,0.0556598065204939,-0.0786146551665782,0.0483057870181685,-0.0830749561945676,0.0411101753531949,-0.0878557665429599,0.0334895357666052,-0.0918663265618166,0.0259380625745718,-0.0959113241358678,0.0184438470903781,-0.0997660003803482,0.0109442414126447,-0.1031831090429,0.00274974340310401,-0.104603745928682,-0.00578780289451401,-0.105136858099308,-0.0144151003640296,-0.105074585622815,-0.0230281703059797,-0.103676448085762,-0.0316006566517212,-0.100549140384217,-0.0403429965986086,-0.0969232534446099,-0.0498922305948445,-0.0938088584585037,-0.0591457489811346,-0.0897844173521697,-0.0679915078661134,-0.0847406845111193,-0.0770152929297199,-0.0799546157816172,-0.0860346847533894,-0.0756314506802254,-0.0942534565354899,-0.0715443337082649,-0.10063475633812,-0.0653864036502137,-0.105532457458034,-0.0580048337595623,-0.108619025277913,-0.0498830965851203,-0.10969654503517,-0.041232575530037,-0.110265523880142,-0.0328010565018096,-0.110019927467195,-0.0249856982704769,-0.106508243750753,-0.0174967132857241,-0.103662738272248,-0.00966221436287986,-0.103414166949686,-0.00179592641647854,-0.103207048297351,0.00488118768274469,-0.106535254181564,0.0110055438345028,-0.108359472729009,0.0174778454022577,-0.110589064503796,0.023665999545201,-0.113548068975947,0.0281985222328777,-0.112974524217872,0.0321124945429339,-0.110957894976916,0.0360714114791565,-0.109994474765808,0.0395346295398394,-0.108474530271065,0.0436067691035463,-0.105511191959834,0.0462680848729643,-0.103554913323081,0.048479258868193,-0.102082896468122,0.051193033316511,-0.100878397606804,0.053869934037968,-0.0982816382841519,0.0559315218104537,-0.0946427602604585,0.0574926422089106,-0.08929255283854,0.0603466660444872,-0.0825107419634128,0.062834312351487,-0.0728903225263402,0.0670958972782059,-0.0587981040994153,0.0725057973462057,-0.0428856845908636,0.0793502592593889,-0.0286534983250867,0.0884180357311007,-0.0182737573563563,0.0945833392110367,-0.0099561408371807,0.0906469948972543,-0.00435984678329315,0.0850295337428143,0.000465992172282827,0.0824780830206278,0.0059915910649709,0.082838617730102,0.0122862745032047,0.0843943264818384,0.0195984977086331,0.0844963212624707,0.0286210701487524,0.0834324111166039,0.0390360812500917,0.0793684435590734,0.0495669248144916,0.0727848324860675,0.0579111304193053,0.0661444449550095,0.0647979157036762,0.0619742588840215,0.0698192263703867,0.0598838419203921,0.0742464762759017,0.0599558386478497,0.0791524579584862,0.060744713097181,0.085899214627982,0.0609802061518472,0.0937609687039025,0.0618552411097343,0.0997588492944589,0.0631348211401327,0.10676739871946,0.0648424750740294,0.111805463378798,0.0685162797921043
"StrwTeg02",0.109959233571113,0.0680507262209744,0.111755110714603,0.0609671438597696,0.111510871497296,0.0540583965169463,0.110186381518706,0.0475707418826131,0.109440648370929,0.0404714562903734,0.109748715503446,0.0329828231292349,0.109297077581655,0.0252929681521586,0.107481734491175,0.0175454125430185,0.104617045602531,0.0100530734441951,0.102669544060984,0.00262113991978535,0.0997472520690536,-0.0047578336219084,0.0973557665730859,-0.0120675075430213,0.0942457154492649,-0.0190784491825475,0.0915016980956988,-0.0262715711346588,0.0876205547081688,-0.0331767164224751,0.0840568012566269,-0.0401861455863286,0.0799163076599439,-0.0473913612978986,0.0756467354262224,-0.054840317741052,0.0706066167628644,-0.0618878743150743,0.0650654708991627,-0.0687985189046101,0.0595790362869653,-0.0755752669112758,0.053788269248105,-0.082021138862525,0.0477298654048533,-0.0881930745892947,0.0418192499156095,-0.094184350486249,0.0358590155552863,-0.0996361552202924,0.0289332580762005,-0.103421245293985,0.0221935133228237,-0.107351247064032,0.0156002796685084,-0.11123411271017,0.00851995073837703,-0.113817747906319,0.00118422285758076,-0.11539212099158,-0.0062417558244166,-0.115722973335198,-0.0137621483628354,-0.114015991971631,-0.0216763610668951,-0.111974224951967,-0.0296993011434634,-0.10929852486981,-0.0379416149634259,-0.105597875427485,-0.0458700298608849,-0.100834837778538,-0.0538097371308756,-0.0957342158954407,-0.0610740433868412,-0.0894924413574416,-0.0662728171546221,-0.0808430991043828,-0.0707042371873865,-0.0711197307301386,-0.0762244058798245,-0.0610397808831047,-0.0816106326082452,-0.0503797085604908,-0.0869841047682898,-0.0398388284754146,-0.0920466678066982,-0.0295910025813449,-0.0975755454756495,-0.0205027603960918,-0.10196102073948,-0.0117932748049833,-0.106416568719891,-0.00335409744242841,-0.111088699012291,0.00434348181093259,-0.114068562706778,0.0122993795656596,-0.116569894765923,0.0197164174454118,-0.117401523326072,0.0273075127851919,-0.117143477728162,0.034181318924778,-0.117737937479771,0.0403812810019955,-0.116848888826307,0.0450849641491188,-0.11292118188763,0.0473748923637323,-0.107242649505177,0.0491671240963025,-0.103316216916078,0.0519208194582676,-0.098426166879468,0.0550034658198767,-0.0934507358211426,0.0564908919197902,-0.0896874915508056,0.0571353475774036,-0.0862017380466903,0.0571905571517343,-0.0832765675944969,0.0561955919078765,-0.0804351612228277,0.0565395793350266,-0.0783816846289608,0.0578216948007757,-0.0780011849623738,0.0610809922626119,-0.0770330748045101,0.0656573526737622,-0.0726438436760711,0.0711080341298955,-0.0662569930320299,0.0793502458070796,-0.0563701946752933,0.0866759333647163,-0.0435633307824876,0.0915115301545101,-0.030832075749867,0.0935113582630364,-0.0193307006769322,0.0922142202178733,-0.0111412100177142,0.0917516481961847,-0.00541452331601449,0.0933926142357104,-3.6516262335085e-05,0.0947073159720759,0.00572752409076413,0.0923049408628559,0.0121107478063394,0.0876397627726816,0.0210109066075181,0.0831310515339406,0.0327394023468929,0.0799597560896399,0.0446116168947407,0.0748850375764703,0.0538179661041585,0.0691213297455043,0.0617395404651722,0.0666954568685376,0.067485547986124,0.065691640678627,0.0717800584224752,0.0645525199613808,0.0762747262870311,0.0643554639123761,0.0823324239288889,0.0651879893308836,0.0897275017595846,0.0650135243676747,0.0957065023917959,0.0650681050799673,0.102636540442389,0.0656538782289532,0.107709659355631,0.068786516733451
"StrwTeg03",0.108670108020919,0.072194268480767,0.108885103322384,0.0633846411294167,0.109376169498917,0.0551797934257846,0.109367622675372,0.0475202192081204,0.109260364454611,0.0395960938945567,0.10882224545047,0.0319363451875151,0.10487418627646,0.0251546263935012,0.103530150969862,0.0169635749728883,0.101185937271031,0.00881112494193887,0.0989974250253597,0.00102824733345929,0.0981327483982038,-0.00720306614325456,0.0959069533141364,-0.0147886946573765,0.0930242613879723,-0.0221617733484191,0.0901421791560469,-0.029570067414537,0.0871940157803296,-0.037137720208864,0.0838781812903614,-0.0443844033786906,0.0797008304472966,-0.0516139518106005,0.0754331817012319,-0.0590010270836567,0.0719267135916675,-0.0666873343809786,0.0687897384776524,-0.0743630316248463,0.0638017276777139,-0.0803449617056049,0.0570453501489491,-0.0847912930757359,0.0501727820230011,-0.0897733416384419,0.0427749742426994,-0.0941009320250761,0.0346203503397774,-0.0971979078800549,0.0264012306393112,-0.100513095548042,0.0182735509839548,-0.104100086611816,0.0100180753333247,-0.107326982808432,0.0018522251771504,-0.11067382434801,-0.00596609312121525,-0.114305980699938,-0.0135003389134348,-0.117466232759024,-0.0212684167036121,-0.118433508883412,-0.0291967745581616,-0.117183519037612,-0.0372592241782305,-0.116001982855695,-0.0451966565214897,-0.112761612308961,-0.0528712993564694,-0.108173476225592,-0.0606871097642412,-0.103166695431171,-0.0678191011963812,-0.0965603408064041,-0.0747432432471087,-0.0891320999108912,-0.0813738091479925,-0.081431056436722,-0.0869808995753187,-0.0724252554481492,-0.0920882261161402,-0.0627266819644716,-0.0964314180517849,-0.0527442978670082,-0.100157461501292,-0.0427984302658055,-0.103323009076844,-0.0333171547067895,-0.106140242568659,-0.0245038256060666,-0.108062716808026,-0.0155230050321061,-0.11039991274404,-0.00702129253056032,-0.112934138020433,0.00083779137158981,-0.112375523108114,0.00867262573049835,-0.110158565527162,0.0168127237244807,-0.107959557181128,0.0245356643336138,-0.104755235760286,0.0314993129382347,-0.0995367690910273,0.0357319868206323,-0.094026340514078,0.0377924951107159,-0.0887186789086333,0.0405911476900966,-0.084953605061736,0.0429830374151685,-0.0802916712392045,0.0445466984685017,-0.0763958855247257,0.0443210520032419,-0.074030614280392,0.0425182877534184,-0.0723024285867576,0.0412139201082397,-0.0708666808294616,0.042442690668641,-0.0694073263015683,0.0460086265386183,-0.069341888612172,0.0508379036647004,-0.0647057248192517,0.0547077665944243,-0.0634869708090345,0.061452639009669,-0.0631712764792474,0.0716123078566752,-0.0622548617051948,0.0840057594007005,-0.0555749634904121,0.0938025467656761,-0.0442723642867311,0.0996968967187514,-0.0320099088808369,0.102526033862927,-0.020302586777215,0.102767386179489,-0.0115578046564147,0.101631812430859,-0.00502257210521809,0.102352441219935,0.0016315071160547,0.102072620206657,0.0095306229841821,0.100328315360732,0.0182884236911442,0.0970930016187823,0.0288326538017992,0.0930397252762187,0.0400048158998876,0.0862551608870324,0.0511292346354374,0.0785016087509222,0.0606585085917459,0.0730227751952159,0.0680196540682929,0.0696064978169978,0.0732910816255619,0.0680955763404955,0.0771735192936319,0.0669067924348276,0.0810805644750239,0.0658414726087897,0.0862799335405686,0.064650221861236,0.0925501526488199,0.0643802929432786,0.0973797750466976,0.0644373808805714,0.102679747779195,0.0670951921490322,0.107079975719308,0.0712360033469945
"StrwTeg04",0.108566824658091,0.0623326957457564,0.109273620202264,0.0553956915134597,0.110055618254896,0.0486112397415993,0.110459396489205,0.0419425279131232,0.110899688357687,0.034607639396279,0.111175145172732,0.0269098424479602,0.110962246255072,0.0190414249828296,0.10995011504725,0.0110975169161707,0.108451330049119,0.00340756122508627,0.107554022786862,-0.00386249657859124,0.105213082639459,-0.0109058484067554,0.102215312572897,-0.0174839833226247,0.0995083189524641,-0.0241507916295203,0.0962977280606329,-0.0306035764171458,0.0931446372492666,-0.0372703837198584,0.0901691964873837,-0.0438392612531592,0.0872869715723529,-0.0506770491927513,0.0823247601698655,-0.0564823519326949,0.0774020988013352,-0.0625824936521747,0.0720659808359682,-0.068601266384574,0.0662421839993006,-0.0740828293032795,0.059534022646836,-0.078627082553386,0.0524140921308684,-0.0830092599077075,0.0451017077410032,-0.08712825541467,0.0373398942518273,-0.0904206645492834,0.0295279248275482,-0.0937120908639959,0.0215844025037289,-0.0965791912526433,0.0138135506017006,-0.0997595219606503,0.00558407302914325,-0.101646898856922,-0.00287023105038869,-0.102767903939836,-0.0112835993249103,-0.103667574312823,-0.0195432725538587,-0.104464139792352,-0.0277100271735107,-0.103285733894532,-0.035823801949016,-0.101274121449816,-0.0441525951366061,-0.0987827528788039,-0.0519379571003572,-0.0948505056175031,-0.0594785908869825,-0.0901620568999983,-0.0662676166054957,-0.0839553883071095,-0.0725749733314661,-0.0767647270139539,-0.0784698710397247,-0.0691566801639065,-0.0842530180383439,-0.0609918044994057,-0.0891771445897734,-0.0520479876411486,-0.09352032840661,-0.0429877040002186,-0.0988386552474292,-0.0348892016575502,-0.102598411173955,-0.026704769224388,-0.104689465807289,-0.0185123295282501,-0.106162105276969,-0.0101429707378392,-0.108079122392815,-0.00218203266266911,-0.111970087224739,0.00465063540814814,-0.116536532333579,0.0105207762097134,-0.119102666639734,0.0171803900512112,-0.118730551393824,0.024137406855674,-0.117473191373075,0.0313104069313823,-0.116222408013093,0.0373752134476492,-0.113890482667769,0.0413267787934987,-0.111115701866134,0.0446468510145027,-0.108742042803278,0.0468137955238672,-0.105429185646986,0.0487524656161111,-0.102386842298286,0.0502128002317387,-0.0998588667144126,0.050346209807636,-0.097745465997387,0.0513448645724182,-0.0963484808918729,0.0533783431919263,-0.0946692271347863,0.0565162090195707,-0.0928847841816876,0.0600400051839802,-0.088949650563656,0.0629165663253833,-0.0834326813387879,0.0636467594358669,-0.0758844663771152,0.0656587571202545,-0.0670041066394116,0.0722571378263965,-0.0561638606642185,0.0800120342820493,-0.0431296922880517,0.0857737446452133,-0.0304393420992053,0.0887404058130066,-0.0190764735460019,0.0896904398100593,-0.0111658815064908,0.0923109135361678,-0.00553376958762689,0.0952201972212951,0.000515940248196956,0.0955237279023065,0.00718708632318173,0.0939195984921017,0.0128568596773906,0.087843896157087,0.0222428388560073,0.0820268086997478,0.0345848219671521,0.0754725728599518,0.0481369306824358,0.0688740712524489,0.0595151490598406,0.0640047532700653,0.0675247378307232,0.0600108794708171,0.0727294697361705,0.0577422335979721,0.0765246852388824,0.0570248894725375,0.0802713571528587,0.0578820052963213,0.0850289763017167,0.0599618684325896,0.0909051033377359,0.0612327430558488,0.0957150631332323,0.0614210636569653,0.101549165337843,0.0619744005078929,0.106742564441336,0.0621666588792885
"StrwTeg06",0.103770453366633,0.0691620517812423,0.104388441092855,0.0625873878880127,0.108674591971035,0.0581638731403662,0.110862789867432,0.0529285028297499,0.111765807707588,0.0469959910823985,0.109560658147633,0.0408031395830349,0.108219114039391,0.0335764107989002,0.108008602283791,0.0255505511126543,0.107853085179254,0.0173210992162529,0.108116017116708,0.00938674429969849,0.107418627836126,0.0012314582371602,0.106054247946151,-0.00656034898052206,0.10390272052634,-0.014132272349378,0.101049719077799,-0.0215587602101914,0.0980083727161922,-0.0291827140086392,0.0952257562815371,-0.0367156133668617,0.0930523410728528,-0.0447613264349012,0.0894999187118403,-0.0523561329698128,0.0843368791377925,-0.0591009601591068,0.078971560584801,-0.0660353152719861,0.073453220239027,-0.0727806251551823,0.0669908403939488,-0.078651057111731,0.0596291029253191,-0.0837977658886894,0.0524358421414804,-0.0891843620400151,0.0444498838992419,-0.0933091639798124,0.0361307639769264,-0.096977148488972,0.0277895398687844,-0.100530289925537,0.019048401715563,-0.103012783954382,0.0102310601066344,-0.105640728415848,0.001061216628247,-0.106796431481637,-0.00813343567899505,-0.10744853801259,-0.0171193445567076,-0.10824151514808,-0.0260001017766191,-0.105933725202641,-0.0351154268894325,-0.103121216992133,-0.044631937033592,-0.0999483527581415,-0.0532972070628242,-0.0945824333417898,-0.0615063731373282,-0.0877749681118301,-0.0700116466426493,-0.0807083009585658,-0.0771083407066535,-0.0717545767647421,-0.0845960141629552,-0.0631914043274371,-0.0910723083727132,-0.0535343349174903,-0.0952019445841116,-0.0422311654818898,-0.097912775773074,-0.0303113707639577,-0.10137692594135,-0.0188635919571153,-0.102775769171787,-0.00764857219465267,-0.103908116376637,0.00270762910113853,-0.108854622770105,0.0121639356978452,-0.111602441945727,0.0222005433466355,-0.11371948906485,0.0317993614214678,-0.117252694688,0.0399067227253009,-0.11852515266009,0.0479746832259125,-0.118255020174782,0.0546217289372787,-0.114851170436966,0.0600307226640712,-0.11309712049386,0.0643631748615406,-0.111630736054203,0.0662999905342644,-0.10752342616952,0.0652495365209056,-0.10396297701565,0.0647414524479603,-0.0997342076644705,0.065910117299457,-0.0956873009395158,0.0671607254694971,-0.092662757181556,0.0681471185303812,-0.0897267805836399,0.0682661630212237,-0.0871493498533771,0.0675592899641639,-0.085042066819864,0.0663767909883887,-0.0848052005597107,0.0638522910379072,-0.0820478107360231,0.0624777221719928,-0.0787666603377768,0.0625155971007935,-0.0757083485116489,0.0660153237832623,-0.0721656335162704,0.0726995413465317,-0.0640591435804119,0.0767646134075942,-0.0525468928338771,0.078307897590997,-0.0406997688050806,0.0774275656110199,-0.0302813607784798,0.0807254643276766,-0.0227404450767434,0.0838504917373692,-0.0184572661770745,0.0887099310926063,-0.0128689392600604,0.0919110557458469,-0.0062134125845013,0.0943022447298313,0.00111199396767656,0.0943393731471224,0.00918319612318569,0.0900136485769004,0.0184374964541381,0.0822627782588525,0.029122576094673,0.073939690544345,0.0380515939352993,0.0667450950151868,0.0461139280483388,0.0632412976670163,0.0523117342318373,0.0620365694689303,0.057335419394404,0.0617326588306071,0.0626567245539196,0.0615289871848818,0.0699237044807528,0.0612973252981629,0.0785500657229186,0.0595358553027993,0.0856168789191146,0.0607734258267721,0.0941179757171879,0.0635929517692554,0.101232176749669,0.0679177584308896
"StrwTeg07",0.107078275915004,0.0822772306142944,0.107082871583568,0.0742372822393503,0.107087655583413,0.0658690088913884,0.107092735831495,0.0573247527234724,0.107085290041866,0.0479763507991597,0.106779845520801,0.0383817361294477,0.106789993994263,0.0286358869418914,0.106490375927972,0.0188926998630748,0.105029252469585,0.00960259721919575,0.103718095987821,0.00111568894684756,0.102512028225182,-0.00734515001741611,0.101380695380456,-0.0153472223867899,0.0996544326028927,-0.0228963691006525,0.0978791881023581,-0.0302230520739377,0.0948284463486982,-0.037177629399471,0.0907694158236937,-0.0434139471992273,0.0866740715957494,-0.0502406661282363,0.0823689027781602,-0.0574651930593233,0.0783236190828779,-0.0648044140831854,0.0729105960986677,-0.0713408904979184,0.0664634426327467,-0.0771182257127006,0.0597654595361786,-0.0827523397214797,0.0528953269787846,-0.0883971191170756,0.0458156106195297,-0.0935773212956228,0.0386654091188473,-0.0982759535615449,0.0303980021468638,-0.100796437914197,0.0221704581803271,-0.103741631153491,0.0138188104478883,-0.106350616164487,0.00544577400128006,-0.109169354358177,-0.00321382146278516,-0.110840370199018,-0.0117698599923258,-0.112162355633723,-0.0203834768608174,-0.111509343075412,-0.029058862276526,-0.110603722881963,-0.0373112398743881,-0.107066738297403,-0.0461978820517492,-0.102866285673763,-0.055374825350288,-0.0987226266293806,-0.0640018413027653,-0.0930682439058226,-0.0722060675694654,-0.0860622645171678,-0.0805439129482188,-0.0788063236518983,-0.0878125673054358,-0.0706548526673883,-0.0942137389011509,-0.0612857256500833,-0.101133267044299,-0.0521308176828023,-0.107109031170405,-0.0428603796546478,-0.110205787986868,-0.0324767703428456,-0.112514597467264,-0.022249808665283,-0.114775014542762,-0.0126615443643927,-0.116938318878384,-0.0031161871293957,-0.118197192417679,0.00622607306278136,-0.11850526894924,0.0150744147475617,-0.118761455723382,0.0230245306702113,-0.117275013260203,0.0307005359883218,-0.113297558134743,0.0374636820744702,-0.108997044393381,0.0443742754700218,-0.106303764446542,0.0504341013166369,-0.105964207639084,0.0550939043115046,-0.104901351750773,0.0585976979261615,-0.10261689457509,0.0606635292095922,-0.0993981661525684,0.0632937606913297,-0.0965012154908036,0.0653926969380286,-0.094546784961526,0.0667203613067169,-0.0929034317520312,0.0685059333550027,-0.0922004422241904,0.070977780293331,-0.0903816161200992,0.0742172558979652,-0.0885766340803205,0.0780978789967019,-0.0859347415654698,0.0828424823998136,-0.0834172401666103,0.0876225734493232,-0.0790250347335437,0.0888624271074586,-0.0722031863922199,0.0846810034270146,-0.0631012641462101,0.0770644101994088,-0.0519015382099999,0.0712944267921124,-0.0411591491489864,0.0743304564032195,-0.0313668445558992,0.0792540871842774,-0.0239325642229365,0.0827061448950197,-0.0177665756081562,0.083471778618758,-0.0114868288681511,0.0831120590596126,-0.0046069282416108,0.0805109322112515,0.00294884258427689,0.0766093716341266,0.00998786157917371,0.068902731583745,0.0168496226538087,0.0581922829020623,0.0226157403182189,0.0466922408342456,0.0283788813266577,0.0396546851574871,0.0343187305843337,0.0380878972319369,0.0393302635529283,0.0405479369556818,0.0441138926994209,0.0446005307185307,0.0509105253016136,0.0484469832984784,0.0603921996434675,0.0546588906389014,0.0722705877909953,0.061786649121995,0.0815205940948699,0.0677576962605648,0.0930941055352637,0.0750633592925325,0.103346104761066,0.0812724558276883
"StrwTeg09",0.101355105452551,0.0752815211490567,0.102951991599905,0.0665154592393854,0.104156280330566,0.0580979606016809,0.104439749450435,0.050073616733021,0.104756557809167,0.041611677777446,0.104550207507849,0.032984656463609,0.103887122278318,0.0242047196445506,0.102975187063778,0.0153053890100693,0.101915951267131,0.00665700582985905,0.100231130523336,-0.0012920888199118,0.0986312290982648,-0.00935146242048459,0.0967667013856661,-0.0169254330505265,0.0946540258311785,-0.0242359028589586,0.0913794168121311,-0.0310795103931057,0.0886202862193146,-0.0383487029828881,0.0853773581657916,-0.0452544414506476,0.0824495987408106,-0.0526554123019935,0.078128723664411,-0.0595814546962432,0.0741373589170892,-0.0667640992228176,0.0693183010617176,-0.0735491369276135,0.0641925614809818,-0.0799105674327173,0.0584642875258622,-0.0856605042817743,0.052064808859064,-0.0907781013888201,0.045618163848355,-0.0956652608696982,0.0392093823175317,-0.100289343394848,0.0333084818913586,-0.105155499448922,0.0273004991369406,-0.109385605084128,0.021538650028726,-0.113289273346911,0.0148044615628133,-0.114585922443243,0.00736708974650698,-0.114056019270984,-0.000468156887007985,-0.114034265681675,-0.0085085963370665,-0.113951624693081,-0.0166227134809554,-0.113517996548446,-0.0244906673286917,-0.110728154832777,-0.0327686853836355,-0.106798025328423,-0.0415885470028462,-0.103546501343062,-0.0498371023885795,-0.0988032779097188,-0.0566243592889337,-0.0910160998633829,-0.064291506510596,-0.0830622037587071,-0.0716811543355482,-0.074617983532338,-0.0785935768623078,-0.0651506416278305,-0.0838492367059286,-0.0541540557262181,-0.0897802422820869,-0.0435814331201805,-0.0956474789180897,-0.0334329427387966,-0.0995668379758433,-0.0231919297123891,-0.102236343528102,-0.0133348478583844,-0.106167741590778,-0.00412322499687263,-0.108247223456311,0.00503489887223978,-0.107120366906659,0.0141174728864103,-0.107631126512973,0.0221383318630499,-0.112057355765703,0.029169898291002,-0.11525771213942,0.0354484937007627,-0.112870322562462,0.0424705760645662,-0.112131297228805,0.048107010715505,-0.115078321917509,0.0511400912078423,-0.111973186069107,0.0541953153372858,-0.109478297998239,0.0576807249139453,-0.105455850855964,0.0613966861760596,-0.101031751375306,0.0639276243425302,-0.0971134156082757,0.0646608534759565,-0.0932302610882385,0.0654958643279893,-0.0894813123976017,0.0653540613152678,-0.0853216833536436,0.0646925191662196,-0.0813304756525088,0.0629475671547253,-0.0763255364657422,0.0602462524249682,-0.0723493526421964,0.0616499719385913,-0.0688665227257991,0.0679007328577565,-0.0622580501849539,0.077137021955059,-0.051466136848888,0.0858232496267071,-0.0380563676004526,0.0924490334438785,-0.0248545438643553,0.094452034176079,-0.0131734351413271,0.090986698021482,-0.00480275214980442,0.0888047244893189,0.0013176017940814,0.0900621186637705,0.00719661038126562,0.0920685259782671,0.0138967811738159,0.0916651622910401,0.0210159803889674,0.0891967906218045,0.0286167943757048,0.0838309520535667,0.0368884255870239,0.0762705646444165,0.0464528101826147,0.0693967973961022,0.0546314219931206,0.0643472287828116,0.0612070172724942,0.0616699343904301,0.0652919355873889,0.0598020984076918,0.0686524613038524,0.0605558771504655,0.0722964689089635,0.0623207992902672,0.0778991215070394,0.0622347185621439,0.0848334427320168,0.0627256654334686,0.0901092972396094,0.0640333453221281,0.0953439227624691,0.0686279276117986,0.0992999781061904,0.0743499794396819
"StrwTeg11",0.110950733274832,0.071629798004933,0.112071926260759,0.0649575292798485,0.112589906018548,0.058339522825182,0.112364247883919,0.0518236079073703,0.111126022908616,0.0447544583775604,0.109873032111581,0.037277442055445,0.108720921654004,0.0294492268483752,0.107156104212047,0.0214072057751568,0.105871092662849,0.0133842635593819,0.104622693165032,0.00580330212353806,0.102524274606888,-0.00178209557135731,0.100504749833879,-0.00909605841997831,0.0986278578792422,-0.0163758347323283,0.0966633188589437,-0.0235811400616364,0.0934981659898978,-0.0305199215020655,0.0899892196059115,-0.0372321364718703,0.0864724089306987,-0.0444259173983411,0.0820734368190829,-0.0514643566495614,0.0775375259008109,-0.0585386346935527,0.0724540813660435,-0.0654164182372948,0.0663728544335709,-0.0713613864713673,0.0597284812811018,-0.0768689791863934,0.052948524079391,-0.0824713599300207,0.0456626695399819,-0.0873296083212148,0.0379188244916088,-0.0914261508021762,0.0301864677232449,-0.0955019558166739,0.0223754005627733,-0.0991840663393663,0.0140201132391158,-0.101455790778546,0.0056597193484145,-0.10411697408244,-0.00286000060344215,-0.106033644933375,-0.0115463810027038,-0.106453591089939,-0.0202242754196433,-0.106455854847732,-0.0288342752541186,-0.104980954348424,-0.0374278634474476,-0.103489555030901,-0.0459535083030338,-0.10076060463545,-0.0538009477687003,-0.0963237898191153,-0.0612259070994576,-0.090865510127602,-0.0673917823187831,-0.0833530714204735,-0.0727734188400854,-0.0745446147906358,-0.0796691906817881,-0.0666181970892109,-0.0873229942697522,-0.0586696894767614,-0.0951787174909606,-0.0507147763003433,-0.101798975923754,-0.0422370200137392,-0.106513789523849,-0.0330586773532388,-0.110560894436186,-0.0244374023738665,-0.116201621178741,-0.0177964289177405,-0.119249764786083,-0.00983656721756457,-0.12170577386329,-0.00209910477172578,-0.1226759233219,0.0051000250225645,-0.121038386929099,0.0115985170200811,-0.117963828099976,0.018179788692098,-0.115165685269307,0.0248903100313005,-0.110595096631561,0.0308345539089064,-0.10458451255706,0.0337700891727033,-0.0998978447943302,0.0365375349340368,-0.0963526511344506,0.0406127537779176,-0.0957998703354639,0.045472652921244,-0.0940580932224429,0.0515602402351952,-0.0922571774885195,0.0565693370595204,-0.0900976701411546,0.0594330420735637,-0.0876519127174278,0.0619159192563033,-0.0851148232924397,0.0636347090763869,-0.0834982215222928,0.0655601602814396,-0.0824338814191759,0.0637468340926097,-0.0790252415044178,0.0606707275430067,-0.0748584781833621,0.058897718832173,-0.0713023689201662,0.0627334509005468,-0.0665569450335063,0.0715096066611936,-0.0573088826239608,0.0800979590659266,-0.0454922918622139,0.0869963239840783,-0.0321682326707659,0.0864932110317174,-0.0191077878574721,0.0840814694486279,-0.00930568299024449,0.0829890291301156,-0.0021400498020966,0.0843084723976701,0.0046437058271588,0.0865898258486305,0.0121071864746397,0.0871044404046799,0.0199348168461587,0.0839119847186842,0.0297802279014072,0.0793874823038191,0.0415969531078903,0.073762909308842,0.0542772844997144,0.0684333669226406,0.0648736716256047,0.0648662462882289,0.0726895888754472,0.0626034567117068,0.0777773649838282,0.0609391460048929,0.0817037549624483,0.060563421850863,0.0856279798778932,0.0608669748203029,0.0903520116909194,0.0623235531438837,0.0950043714461783,0.0655643225209025,0.0993830197149206,0.0664719548503102,0.104549219654897,0.0688651262292813,0.109267043325138,0.0711560884145034
"StrwTeg12",0.118676897305536,0.0658474447845869,0.117716356656629,0.059284552605159,0.11668681977845,0.0526571690276102,0.116116019881737,0.0460943868479327,0.115097605450549,0.0388030857765429,0.113760312087388,0.0310024013140652,0.111709672992971,0.022917390941556,0.109468772386546,0.0145031222291565,0.107636236353064,0.00605182500441636,0.105481855189037,-0.00185940147515053,0.103825799971943,-0.0100108356788488,0.101805803050887,-0.0175772429252635,0.0999023366179546,-0.0250044720282317,0.0970063873692437,-0.0319516146082143,0.0927995644170966,-0.0384231217998433,0.0884880962717099,-0.0447061229687491,0.0843758324554225,-0.0515612925650398,0.0798380714599135,-0.0583637890577945,0.07527632835509,-0.0650340970531391,0.071439208741034,-0.0719567706653095,0.0654625953177811,-0.0767293346187629,0.0584778921860564,-0.0806658528727637,0.0509187888045795,-0.0843545896597131,0.0434275725016451,-0.0884144145134874,0.0359211750521662,-0.0924792806209848,0.0281443616084187,-0.0959556579087943,0.0205711673729965,-0.0996346357198959,0.0128856853331124,-0.102719625868217,0.00460801766575332,-0.104058936642554,-0.00393091815298628,-0.104613716195708,-0.0125251827029882,-0.104287384041924,-0.0210977127330887,-0.103299606179043,-0.0296471836482376,-0.102310924301556,-0.037820984462404,-0.10066033605974,-0.0452563599182843,-0.0957231489274341,-0.0531510920507059,-0.0907189540933667,-0.0604434300388907,-0.0843470044927413,-0.0670959822076895,-0.0765559419974557,-0.0741998523329675,-0.0687213530787836,-0.0812319445581447,-0.0610507959935311,-0.0880712356279886,-0.0530712156454008,-0.0946066915008325,-0.0450470182042789,-0.101303452042156,-0.0381940606522563,-0.108570005422017,-0.0334364809511153,-0.113977698715449,-0.0289917634024263,-0.11448419640474,-0.0218505200817372,-0.112631811556569,-0.0130496221923946,-0.112778518492928,-0.00362539347489513,-0.113912394810537,0.00517159637145021,-0.118774637593997,0.0120200134805756,-0.12448106220807,0.0176011672303109,-0.123729565802594,0.0245032892551708,-0.117553025203003,0.0315208144921956,-0.111749640192823,0.0379352380604299,-0.107967139384878,0.0428142157319934,-0.102914801166777,0.0450523806363744,-0.0989378698905685,0.0459167401850883,-0.0954869676686035,0.0484595229177106,-0.0923093818214026,0.0482505869703613,-0.0904065175092707,0.0468859072134335,-0.0898747820329171,0.0446511987183684,-0.0881206804116983,0.0435593969243318,-0.0855089344231166,0.0433866532960242,-0.0829857654204965,0.044584573645877,-0.0810451117176264,0.0483445465196171,-0.0788232742524211,0.0541094700702845,-0.0726753700724211,0.0605156534221169,-0.063608736129389,0.0688585357425457,-0.0570714067174641,0.0803168194789765,-0.0460941833073716,0.0862893443023982,-0.034056995226559,0.0884594599111402,-0.0227110657534942,0.0887591416793025,-0.0140678179066022,0.0880395544778681,-0.00748315610504659,0.0877542234390612,-0.000926305537687878,0.087090584161616,0.00650075468394075,0.0863994907660315,0.0145401838374291,0.0851962439900207,0.0237833428007895,0.0826319169999003,0.0340570014173334,0.0783006753517793,0.0440917358396266,0.0724354647463353,0.0539528261093366,0.0711145742462025,0.0619837232979849,0.0707590660718237,0.067763062565874,0.0694256107275545,0.0726366340377795,0.0688907888456426,0.077865047722598,0.0681409099589221,0.0850304034753534,0.0674420075417711,0.0936944273309985,0.0678452332248779,0.100604383695649,0.06752571944029,0.109003772645792,0.067139842293908,0.116305142830059,0.0667292767661658
"StrwTeg13",0.101467201129122,0.0672444653036579,0.103084689958663,0.0589486860762058,0.104002293907445,0.0510744899449624,0.10546295677302,0.0437681511806942,0.106563451001692,0.0360762976646111,0.10810748585451,0.0284827817712956,0.107149442821965,0.020738575304942,0.10619337753218,0.0127277313585758,0.105270776216544,0.00492347189901295,0.102671474660987,-0.0020023989969185,0.0999344575575317,-0.00918874584563948,0.0976856655970012,-0.0163503215402762,0.0951611482671725,-0.0233626455720161,0.0921944927359119,-0.0302295115512913,0.0885886255755417,-0.0370525631488803,0.0854249511203749,-0.0439632891751028,0.0818517832775269,-0.0511133448355902,0.0780816665246333,-0.0584076792913181,0.0742258738908274,-0.0655621208765731,0.0684680529035944,-0.0715034283421037,0.0623433039595277,-0.0772667300020943,0.056534081739775,-0.083431345264488,0.0496335863779699,-0.0885448158249794,0.0424714043902266,-0.0933021718509954,0.0351813313751107,-0.0977127846108175,0.0282122113445754,-0.102372825686554,0.0214226125209796,-0.106944551193282,0.0149927567080528,-0.111631547989113,0.00853908253950356,-0.11573609880522,0.00176293069317449,-0.118535248776764,-0.00459408128823713,-0.121091205027238,-0.011195885341415,-0.12099410160429,-0.0180854859746965,-0.118576950861478,-0.0255347564606573,-0.115777899197565,-0.0337514016154891,-0.112714218555543,-0.0418870164683523,-0.108616894255574,-0.0501495408653472,-0.104141336031261,-0.0578044190584232,-0.0980996730475905,-0.0643657946129503,-0.0902207431083822,-0.0706132276958947,-0.0817117972814512,-0.0771424002652037,-0.0726922195933109,-0.0833520839255489,-0.0632707375683961,-0.0867826295623043,-0.0524967252824237,-0.0889176597720635,-0.0412765971449965,-0.0929826603181616,-0.031019700130905,-0.094682400260284,-0.0207103978453185,-0.0950015709721504,-0.0100972896010358,-0.0944581347075843,0.000279684375255164,-0.0957023823063372,0.00974139867648877,-0.0991816403849921,0.0177121313292151,-0.103380642280909,0.0250977308383755,-0.106577075075878,0.0316329852371078,-0.106529056553573,0.0384771960086887,-0.103991574515874,0.0443012355259056,-0.101909022627375,0.0486033363151611,-0.102584836308043,0.0532531006384602,-0.102573659724726,0.0570925605012014,-0.101130252746973,0.0615185689416196,-0.098041609918359,0.0643524189645424,-0.0955600181820448,0.0661520419124151,-0.0936641353255688,0.0686197708387905,-0.0917168362716667,0.0704612429850199,-0.0886169847028603,0.070392481689391,-0.0851962008596015,0.0707726833494197,-0.0812400295814241,0.0736563164227448,-0.0766331882898004,0.0773546909500174,-0.0725504364473385,0.0843744553388434,-0.0658117663110728,0.0929664632995339,-0.0562181861809673,0.100401290122009,-0.0445353025003423,0.104949765564916,-0.0329599461596547,0.105252130864177,-0.0223705678240768,0.101580204741494,-0.013944369119596,0.0998943991451549,-0.00759379695890953,0.0992884869300438,-0.00138619117751961,0.0985619182759942,0.00521811704926891,0.0951366117446693,0.0123518149936012,0.089930984886935,0.0202530435638164,0.0824179648532069,0.0317694155084637,0.0767997822142487,0.0431667553754697,0.0697394231256609,0.051906400388982,0.0636410948722889,0.0577146691969044,0.0594278996622291,0.059671879738403,0.0559042451971013,0.0622704495457029,0.0565156892274059,0.0655327128572662,0.0590292907168661,0.0716125542530021,0.0590999740147927,0.0798894961451798,0.0579522110007392,0.0862371501515819,0.0568056307215625,0.092907402959099,0.0612661587226799,0.0995030412917707,0.0657008484691378
"StrwTeg14",0.106994818363725,0.0622102901072578,0.107823510184663,0.0555731386669639,0.108472150395743,0.0492353743765552,0.10919510525028,0.0430222612149787,0.109725792949758,0.0361633138545216,0.10960026786501,0.0288413619906611,0.109852321379481,0.0211817699401337,0.110069695241282,0.013265180382232,0.109325326256345,0.00548612645143379,0.109229057995757,-0.00190382431269126,0.108117742126149,-0.00930129877251385,0.106035579728768,-0.0161731221401701,0.103783507661226,-0.0229217917250529,0.10147684758322,-0.0295919990024892,0.0982577945072961,-0.0359773564361161,0.0965418684205036,-0.0427137358509645,0.0931711396820979,-0.0490462158091431,0.0880078581012128,-0.0547483941961174,0.0823553343674443,-0.0603887506389275,0.0765723271579249,-0.0663519875407152,0.0703456215111672,-0.0719957015546251,0.0639783822465589,-0.0776089949861401,0.0575395853072769,-0.0833168298002579,0.0510726477226092,-0.088795270599916,0.0441782352332813,-0.0933998194599351,0.0367538480480131,-0.0968950694876337,0.0301462255063906,-0.101471647015902,0.0225264632492517,-0.103858111883184,0.0143758166661563,-0.105630562593556,0.00601845449463172,-0.107131891703124,-0.00230240989277186,-0.108471405638102,-0.0104457749166716,-0.109436378482312,-0.0185891071377606,-0.107443706887656,-0.0270589793411372,-0.105375344999657,-0.0355371048946861,-0.101461155113051,-0.0437695402297397,-0.0962980468635717,-0.0518685871965895,-0.090221155162775,-0.0603828333995507,-0.0840289094554955,-0.0688792968896021,-0.077578810091581,-0.0758418907528894,-0.0698005662284965,-0.0808425405219989,-0.059862185203578,-0.0856360453231855,-0.0492240100487201,-0.0915917180557509,-0.0392509780098344,-0.0960502122902794,-0.0288689634774289,-0.099859310211842,-0.0189684764655496,-0.10362813386181,-0.0100043317828782,-0.107216616496009,-0.00131660044152741,-0.108101010475643,0.00762417615827422,-0.107400266597524,0.0161857683364975,-0.109105140330122,0.023528703606978,-0.113810441804553,0.0296260975511962,-0.118103835584971,0.0345088874920584,-0.117569404797186,0.0405869780310073,-0.114362231489499,0.0464708065473167,-0.112448582216302,0.0514118546096845,-0.109733481883585,0.0554784443934263,-0.107268499752175,0.0583496556937832,-0.103656040140042,0.0613195882731841,-0.0997725669011127,0.0631319796306322,-0.0965821419726856,0.0638858405460816,-0.0935946741655991,0.0654874646424076,-0.0906193906601777,0.0670509170776229,-0.0873567796292007,0.0694421743787304,-0.0846509555245633,0.0727939189641564,-0.0799360501193819,0.0757025602165978,-0.0771923359623817,0.0806677764194291,-0.0744336575802524,0.0874635001143976,-0.0702983786237052,0.0939799151360453,-0.0622755305761348,0.0938614408419636,-0.0506024168641143,0.0898539863918194,-0.0373341189668385,0.0873361031010299,-0.0246337649093269,0.0863360490823568,-0.0153655155688236,0.0874251900011123,-0.00875976755423362,0.0885582123882553,-0.00294210221767501,0.0902657545718454,0.00313940172866873,0.087955294507523,0.00988584848627166,0.0845734529077095,0.0155415540160466,0.0774732194753025,0.0213446392201514,0.0687315211642584,0.0322243721479845,0.0651306196532925,0.0425149702899411,0.0621426551416132,0.0509187130051715,0.0605403300274488,0.0570016392303757,0.0596975353481948,0.061847423930848,0.0592457834030842,0.0669669672137465,0.0589522356048662,0.0739919832615743,0.0585851247952918,0.0825928484175047,0.0583968244223641,0.0895249765504551,0.0582886006592789,0.0977767900536301,0.0596940320696566,0.104840018434048,0.0610540758922513
"StrwTeg15",0.104823138857846,0.0722100342565305,0.107150367347443,0.064233045201497,0.107660491690657,0.056777962510982,0.107000777081607,0.0495582885613254,0.107261552172255,0.0417203987937253,0.107584985058148,0.0335198622202812,0.10790781544944,0.0250878711087613,0.107055662083026,0.0165365961907504,0.104873002826709,0.00827882705327564,0.102819736962518,0.000452030996539072,0.100118366416742,-0.00737299093499908,0.0976089115759809,-0.0149447939755026,0.0952073124609373,-0.022411602330072,0.0920117586296584,-0.0295108947697689,0.0882852308972244,-0.0365338776398924,0.0850454849034709,-0.0435283987673577,0.0818456843025005,-0.0507167297113854,0.076084957210274,-0.0564838185894881,0.0700693240994151,-0.0624454431787831,0.0638650804432207,-0.0686295336017129,0.0576131230983666,-0.0747649465197754,0.0510127144911348,-0.0805166896083339,0.0433780145066988,-0.0851346125616468,0.0359046030117771,-0.0899795604326656,0.0287671761040975,-0.0951333127951106,0.0213816077282327,-0.0996277069049089,0.0140392395988095,-0.10382450770641,0.00700284328860348,-0.108040070684522,-0.000817542427019203,-0.110227828272444,-0.00789100007428521,-0.113982603939642,-0.0152842569521872,-0.116332444916848,-0.0227863278961249,-0.117530064692787,-0.0303526662416904,-0.116869278858174,-0.0378992866941125,-0.114977678696789,-0.0456805006119532,-0.11220745038316,-0.0532488126438313,-0.108622790118146,-0.061103710251853,-0.105616337361327,-0.0682826121621131,-0.101266261007609,-0.0743600242383007,-0.0950931598690783,-0.0801624112160336,-0.0886723164724467,-0.084266401308713,-0.0805323769621231,-0.0866377480666841,-0.0709110436609647,-0.0894885496724376,-0.0610192007091216,-0.0921601038180966,-0.0510050709338589,-0.0942594480766,-0.0411665462673968,-0.0957925599516061,-0.0317193027554925,-0.0963331782030906,-0.022038458337203,-0.0963900832708566,-0.0124989118064579,-0.09898045615315,-0.00373609354136163,-0.103501144390568,0.00390322612651906,-0.107059587088351,0.0118810633874346,-0.107081608090691,0.0201024531605608,-0.104602957314987,0.028527973007225,-0.102880473876934,0.0358946856215865,-0.101621780615826,0.0408281074081407,-0.0998991847505244,0.0443049051656473,-0.0968806549680283,0.0459620872662653,-0.0944823092628078,0.0497187012031736,-0.0918720625536082,0.0525182343337921,-0.0891645575748926,0.0535148344647971,-0.0866044527485279,0.0553851986465435,-0.0840629519602897,0.0575582603816996,-0.0806979639387214,0.0603789913589629,-0.0779264337537584,0.064413167701045,-0.0744544508375362,0.0701915134512613,-0.0701662375273564,0.0767869578195494,-0.0668088723249477,0.0861547930408844,-0.0574573790345019,0.0934646003608247,-0.0460437363317222,0.101071401283683,-0.0332339537813122,0.105822459837228,-0.0208523318901189,0.104800517094854,-0.00982548767813951,0.100663955825121,-0.00162970405540294,0.0981897815554334,0.0046628359592101,0.0983867576336936,0.0108000106371235,0.0984856773842874,0.0172458158494768,0.0969133676158122,0.0232800340741254,0.092815971949972,0.0293974404263722,0.0865465752465045,0.0340844806264548,0.0777738962476079,0.0430076185617439,0.0724977495438254,0.051575061074779,0.0686565964844443,0.0576994111547093,0.0645914238308835,0.0630227176743648,0.063822996665246,0.0675728546716877,0.0638708854717611,0.0724492261677124,0.0647061264089104,0.0791305706274303,0.0646753788046532,0.0869456773181533,0.0653578468812877,0.0929379093414551,0.0646952888319954,0.0993989289374582,0.0665342259468984,0.103635110986481,0.0707904944360776
"StrwTeg16",0.108796782974189,0.0707208725521495,0.11181565480489,0.0633140615790685,0.114066672218918,0.0568389276587373,0.113527109743757,0.0507908991375167,0.112149690921423,0.0444130966237575,0.113343909554721,0.0376218909172852,0.113826429724517,0.0303600953550357,0.112011046371421,0.0228425237865473,0.109035195527676,0.0153120948390246,0.10680153014193,0.00778371100010213,0.104005308531783,9.30944037970689e-05,0.101548035107978,-0.00754118123191545,0.0989854839181037,-0.0150730803197093,0.0967416740139462,-0.0226734821038637,0.0931699991153817,-0.0299458134914253,0.0891502695594628,-0.0368724595404345,0.0852793399008677,-0.0443989592360839,0.080047755760207,-0.0515038284848141,0.0742996036171789,-0.0583738570218512,0.0685381337856039,-0.0654761026341872,0.0621240195894639,-0.0718845505126117,0.0548686903203578,-0.0774372982622536,0.0474004889372331,-0.0829910926169977,0.0396460932445259,-0.0880040189707199,0.0322698233938988,-0.0933005353642651,0.0242290646495775,-0.0971893952934399,0.0157271355288685,-0.0999745762795531,0.00738763708795329,-0.103210061845932,-0.00131766902502593,-0.105520794407467,-0.0100797878669239,-0.10753231408393,-0.0187643730351898,-0.108984573606016,-0.0273877699382485,-0.109335627978241,-0.0359235770038219,-0.108036467222837,-0.0443255513336036,-0.10578970322502,-0.05273871136861,-0.102246525760469,-0.0608305788304899,-0.0977789394357818,-0.068666450631406,-0.0926226162528563,-0.0757158371133943,-0.0861173565491196,-0.0813013143052138,-0.0777212775216958,-0.0873125521214567,-0.0694071874207408,-0.0938771091510345,-0.0609740991309875,-0.0999811278328307,-0.0520178024896418,-0.10638792851485,-0.0437395992444631,-0.111755139787673,-0.0354595760275715,-0.115771951054098,-0.0274076049072358,-0.11865057343619,-0.0197856009390035,-0.120970014729823,-0.0122725452038409,-0.121935808123386,-0.00497066889871431,-0.120525132927079,0.00203264781561403,-0.117755250105582,0.00842565990264519,-0.114869067012724,0.0151662325039443,-0.113710503198616,0.0222911923128378,-0.113547353970493,0.0296862081761293,-0.11132625844793,0.0355720954598934,-0.107127211854083,0.039053356350857,-0.102178876782151,0.0422178388737897,-0.0982362325393667,0.0444577125454621,-0.0937327315322602,0.0473283503491969,-0.0898862535669677,0.0496168845364618,-0.0868341535417016,0.0503466332523357,-0.0839568376879753,0.0511768092647047,-0.0816157481430197,0.052215574091064,-0.0803571933755608,0.0550378451370117,-0.0786587250267254,0.0583468430658426,-0.0764486988708356,0.0629086753309258,-0.0732183836244674,0.0676470630507225,-0.0668178178317479,0.0721908798848254,-0.0572349908494225,0.0780535618469836,-0.04595670048505,0.0843740164766712,-0.0331163413829276,0.0869778462801171,-0.0213777858043943,0.084981254408281,-0.0120472841155183,0.0844852470189401,-0.0071725933443294,0.0889513962432942,-0.00417315941613277,0.0931604712168951,-0.000152748580295488,0.0935527460374964,0.00438719296413885,0.0895212435489602,0.0119604168164963,0.0894001956963281,0.0206289942467086,0.0848719869582525,0.030325570179428,0.0764845978780635,0.0425059759628162,0.0699583093564768,0.0524294429309612,0.0651571255145814,0.0593251346740478,0.0630144195785672,0.0632612363967917,0.0644496927766472,0.0649675536461356,0.0687625025464285,0.0697703744579651,0.0712752727870075,0.0759061738488051,0.0736582680103756,0.0807636134039317,0.0669503684034292,0.0875746673001929,0.0631488341288678,0.0975679532181249,0.0644735324187602,0.105751925422461,0.0696517216998376
"StrwTeg17",0.111955623476767,0.0735570590637889,0.110703188404354,0.0661701448795812,0.109652516233986,0.0588533938806384,0.109044733612662,0.0516142678151672,0.108843163621916,0.0436665513941773,0.108961376750948,0.035351351888506,0.109567565586437,0.0268439481301354,0.109333405146484,0.0182104628418627,0.107954993955212,0.00991748181214988,0.105449791313007,0.0023779284837532,0.103619852066565,-0.00552220195528143,0.101171837069339,-0.0128704936673824,0.0977360858489858,-0.0197341758469619,0.0940442029276391,-0.026540608790878,0.0906438550756041,-0.0337665946033038,0.0867724123259199,-0.0406150848276032,0.0826748193969624,-0.0478380893235773,0.0778647387152948,-0.0549725626899461,0.0727310878229844,-0.061915824628482,0.0677397481278,-0.0690352818473625,0.0615666289166587,-0.0749400970173038,0.0547191847596939,-0.0801832948823023,0.0476739617828642,-0.0853897011143172,0.0406256026441193,-0.0904003279483567,0.0333027326961597,-0.0947028502087754,0.0257036378528726,-0.0981560323109761,0.0176056073133655,-0.100107902727352,0.00976728069773112,-0.102917207396552,0.00175171311807293,-0.105258637948607,-0.00656962713749418,-0.106171889410518,-0.0149413598655852,-0.106314252348726,-0.0232098746226163,-0.106515130326975,-0.0313300032427006,-0.105012459731182,-0.0393304132075279,-0.102890556207998,-0.0473584884823175,-0.100427671079887,-0.0540238908723107,-0.0949346117864014,-0.0605957635602295,-0.088349309598408,-0.0667101964158651,-0.0804443470579729,-0.0739925065255441,-0.0730073868511407,-0.0799535942160168,-0.0644526778317117,-0.0878688231500812,-0.057029140547443,-0.0959733135998774,-0.0494547974856325,-0.103300437494808,-0.0416819718060901,-0.109496271125318,-0.033794170589944,-0.113782450701058,-0.0256606770544138,-0.116693977505791,-0.0177390673380128,-0.118347843331815,-0.00947445466346116,-0.120190665945483,-0.00163291378958259,-0.119768693059351,0.00597127123050126,-0.116674435716857,0.0130591474941085,-0.114375751868046,0.0208960334268464,-0.112530255980407,0.0284025082377932,-0.112684593843674,0.0359913477246717,-0.113819317961534,0.0423716127798342,-0.11174433136683,0.0463494823258645,-0.108333505913012,0.0492462297519478,-0.1057054794312,0.0514795795671365,-0.103107061733356,0.054486526013642,-0.10008881534202,0.0552430351397193,-0.0974205022982366,0.054139609864424,-0.0944667229150556,0.0539288333585708,-0.0917987082555426,0.053286679062744,-0.0891302026829378,0.0544803054102276,-0.0862339532068526,0.0565180252599966,-0.0818873953094012,0.0593439435009492,-0.0770101239737286,0.0632055919756114,-0.0705761393506288,0.0689902815371809,-0.0611999575415083,0.0758904233646278,-0.0509899693876322,0.0834301521788534,-0.0415857760916363,0.0900674856557986,-0.0316547420776065,0.0887117144111329,-0.0216857778759859,0.0864842174283184,-0.0139934705265416,0.0850484138409517,-0.0084462609573983,0.0831777524650086,-0.00267238354901145,0.0819087015711954,0.00397430261984207,0.0798867648700793,0.0116646831468912,0.0786163712412113,0.0209079342335525,0.0769656160670166,0.0313337916162431,0.0731860731860632,0.0427037644711629,0.070580654788247,0.0521365701012233,0.0687711934456112,0.0584580677029058,0.0647226433742722,0.0636075067374506,0.0634290199414211,0.0680106786420574,0.0635961680902966,0.0727536034572024,0.06499628495993,0.0794947762016451,0.0660517150498382,0.0876675282224892,0.0670752489947595,0.0941039763301612,0.0685049274450017,0.10217999564491,0.0706806491859494,0.109424370261706,0.0733927372969397
"StrwTeg18",0.105954942405007,0.0792537302977873,0.107526955964366,0.070649603212464,0.108864629605425,0.0622312668084277,0.111079225673826,0.0542056574561756,0.112517910644301,0.0453766339687536,0.112796342012251,0.0360953442715681,0.113057843233948,0.026555474998531,0.112957160411808,0.0168550579945089,0.112682313568782,0.00743328209043108,0.112290406809808,-0.00126315908532915,0.110013194211466,-0.00980546658053539,0.107650288880237,-0.0180675774082089,0.104857576444433,-0.0260707167523048,0.101334521936041,-0.0338053656415747,0.097350913502525,-0.041612804944269,0.0931912130526123,-0.0491447606166499,0.0884092598907846,-0.0568374543879004,0.0820636945006239,-0.0639149613330946,0.0759254763869945,-0.0713067393300799,0.0699269292359018,-0.0789922620471755,0.0641277181577159,-0.086568506068523,0.0578288869151822,-0.0935289597073938,0.0511710939311089,-0.100026262549579,0.0448707740809581,-0.106396362532372,0.0383277229941292,-0.111868586599424,0.0310471384259446,-0.11575142469121,0.0235132267956593,-0.118781123443743,0.0161148247913597,-0.121660036366319,0.00816286244074661,-0.122523597006,-5.05793225330825e-05,-0.122405760882992,-0.00831619309519722,-0.12074037537509,-0.0167097821527146,-0.118535938343057,-0.0250872154550313,-0.115346016557881,-0.0330969104510119,-0.110887701551093,-0.040188502775154,-0.10375404683061,-0.046166329969396,-0.0944981457669369,-0.0532191377852093,-0.0849493921861159,-0.0606211379050056,-0.0746851399472762,-0.0687508046655639,-0.0643749362920445,-0.0759092325221541,-0.0535397347420844,-0.0826630940070396,-0.0421983294998567,-0.0881163457586231,-0.0302606620344703,-0.0922694667390718,-0.0186543148512366,-0.099829315998657,-0.0100203324055475,-0.109042024504142,-0.0041937060416942,-0.117609065324185,0.000480989625202918,-0.124689680070377,0.00566992887612467,-0.127992671198563,0.0127399329587437,-0.127261784837031,0.0215847109333858,-0.126605359776246,0.0305349258989734,-0.125948852563777,0.0390754034055214,-0.12186720386103,0.04538001741163,-0.115019943309487,0.0493792946943154,-0.108029189563016,0.0505487015902583,-0.101545252516783,0.0499654953276036,-0.0944137078562049,0.0486813605295245,-0.0895934211742387,0.0463277941094275,-0.0843413425068089,0.0433637323642873,-0.0800693698479332,0.0398714494531861,-0.076978834101308,0.0370082511350423,-0.0739554603255857,0.0350275522393228,-0.0715718320749855,0.0339383800148222,-0.0696621600956033,0.0356547617459753,-0.0675147815982373,0.038655847929943,-0.0651710871739576,0.0425969976756772,-0.0685557730817781,0.0470908016373155,-0.0742927358488165,0.0537558319317147,-0.074225806430514,0.0628889836218142,-0.0655166119711819,0.0709132032473687,-0.0538227608064939,0.0798394876740374,-0.0397527933027999,0.0829544364039652,-0.0264048520029423,0.0841838453060544,-0.0176927750011464,0.0882768874341534,-0.0121195394513485,0.0928781550191303,-0.00792512281027236,0.0977613371422109,-0.00198885965661916,0.0984229748236023,0.00505882467583382,0.0960304282372104,0.0130574642924573,0.0901054662725676,0.0220509139789057,0.0813450001798953,0.0327259374670986,0.0729350963449263,0.0414535794489614,0.0658622283851211,0.0486702330292287,0.0618544088375111,0.0545391867599864,0.0613638789107267,0.0594946712185864,0.0621672305695817,0.0649265687178802,0.0618908687097029,0.072266279206238,0.0633262394000271,0.0811024863409,0.065290351563762,0.0873785586175295,0.0692384814269051,0.0957373408850279,0.0739827091236639,0.103557259392787,0.0778024608177549
"StrwTeg19",0.109157599270026,0.0684600091792883,0.109141443115185,0.0606356276239861,0.109642556765799,0.0534753167695774,0.109730146596519,0.0464939492558418,0.10908345321171,0.0388971756022705,0.108117185878562,0.0309004053690986,0.107107538496735,0.0225571237384353,0.105710621171806,0.0140150445877123,0.10305797279256,0.00584059536130664,0.101088255802382,-0.0020531003659052,0.0987239830660726,-0.0100097371570196,0.0961853436862033,-0.0175361872725902,0.0931691869409054,-0.0247303300026761,0.0907497372161438,-0.0320633156987662,0.0879653696828479,-0.0393237553630134,0.0839625013722505,-0.0457913827254626,0.0788932000039541,-0.0522007533599371,0.073844214557666,-0.0591854914023933,0.0683919057988799,-0.06600562750554,0.0626806703648335,-0.0728168137145236,0.0561825568269476,-0.0787614882408639,0.0500243531071134,-0.0849952802286543,0.0437140229038324,-0.0909683635514699,0.0363886484687676,-0.0953802702168223,0.0294137349708815,-0.100092141988409,0.022086648307683,-0.103723460621187,0.0141068666158929,-0.105518431511921,0.00628404019241643,-0.108018121598306,-0.00149359970192617,-0.110801390039429,-0.00938425414066452,-0.112875978444127,-0.0172813934651122,-0.113993775268173,-0.0249706467343683,-0.114924476541902,-0.0323641812995213,-0.11524668664434,-0.0392652100199611,-0.113984814446078,-0.0456707508924054,-0.109829389423528,-0.0530251967991932,-0.106682473769794,-0.0600102364728072,-0.102212304509366,-0.0668653482427101,-0.0968707469851927,-0.0734135911599736,-0.0908322123850031,-0.0787860330149578,-0.0837728415271216,-0.0824229654413924,-0.0748518016960319,-0.0873005854170313,-0.0659552601499101,-0.0910113486651298,-0.0564213174154818,-0.0937426208360725,-0.0465809130806197,-0.0976036600037729,-0.0375402317446272,-0.100361908085705,-0.0286629001553505,-0.103621402351501,-0.0199155608413947,-0.105655622214864,-0.0110067221467045,-0.107054503884148,-0.00234040695953297,-0.1088430413789,0.00557909000875541,-0.109661031511282,0.0136172106390261,-0.108873791617395,0.0212143060870734,-0.107509806746871,0.0286905057104696,-0.105101933060949,0.0348103609692312,-0.102711340336432,0.0389696755284529,-0.100337278029006,0.0424553224522441,-0.0985336222683287,0.0450691411372114,-0.0952652023576067,0.0473343310123499,-0.0920789412603098,0.0489441974618826,-0.0894863804665289,0.0493635865325347,-0.0871527103443757,0.0508504990744421,-0.0850379142375317,0.0530110479050146,-0.0823659637500459,0.0563466446604996,-0.0795996928385636,0.060401264605856,-0.0773321863706124,0.0666322793745281,-0.074575074114355,0.0738237967531937,-0.066947026641077,0.0804453452786561,-0.0593702768693852,0.0912524567248288,-0.0483474991326197,0.0994787328242989,-0.0356912932786402,0.104565855801957,-0.0243634770943319,0.105731937430161,-0.015485921298108,0.102164719572598,-0.0102648662887266,0.097117626592517,-0.00509999646715477,0.0958499086634077,0.000421370256826237,0.0948898694310955,0.00679754784202929,0.0939609315601763,0.0134783578931628,0.0913751712832439,0.0214405034362991,0.087830000962531,0.0302353048727258,0.0825400089111086,0.038889547082234,0.0763095473454205,0.0442047412130429,0.0691016061587486,0.0508436100198095,0.0664038120759028,0.0566696523950009,0.0658060325778924,0.0617507585328176,0.0653689518325905,0.0673674346556538,0.0650331285801687,0.0751430349937568,0.0648806914729845,0.0844832767920352,0.0644376146408324,0.0917970033179327,0.0636911505067556,0.100371027785555,0.0646594146192186,0.107332633140581,0.0668098479355695
"StrwTeg20",0.122763255424584,0.0660674444118015,0.119681719887716,0.060513090067471,0.117354358770936,0.0543396634165803,0.115146109394967,0.0480603171173164,0.11267431898416,0.0411188399619372,0.110115675944028,0.0337876903810032,0.107338543626543,0.026163995743379,0.10467995257757,0.0182177232304686,0.102903277379299,0.0100975793930341,0.101391095865897,0.00237410783429586,0.100057206439868,-0.00550737483958742,0.0977955928568715,-0.0127720442956365,0.0950831121179237,-0.0197945008459162,0.0922403479922078,-0.0267569659530085,0.0894771082916776,-0.0339198741367633,0.0862210202319025,-0.040703996745499,0.0823258520314434,-0.0476095155493949,0.0782494913023176,-0.0547068374882591,0.0735541231063071,-0.0614201229543858,0.0686311713372397,-0.0680581160557816,0.0626524478349551,-0.0735684421116598,0.0558011622538358,-0.0781653781082498,0.0490362375793476,-0.0832110031394419,0.0423899363245835,-0.0883152938493408,0.0354137922992978,-0.0927029693026758,0.0277217184716836,-0.0957031970456413,0.0200177796229313,-0.0987279441931089,0.0121935543394497,-0.101406677636962,0.00411086690282955,-0.103471062479039,-0.00428291504200298,-0.104240753494535,-0.0127474841739385,-0.104470317826726,-0.0212133732123702,-0.103704627939153,-0.0296555160952747,-0.101615552972939,-0.0380933303984974,-0.0989300625623873,-0.0469180164566654,-0.0961794185384415,-0.0554972996294432,-0.0930214694262985,-0.0636333266218121,-0.0892822696530983,-0.0702063666706484,-0.0828728818264665,-0.0764680806546347,-0.0754419789285464,-0.0829633762712512,-0.0681491388085025,-0.0891150651677289,-0.0601361561871042,-0.0947634014765427,-0.0515441360006403,-0.100351893303301,-0.0432599437325904,-0.104756924693655,-0.0348291903008581,-0.107057059754837,-0.0261296865737778,-0.108291388179542,-0.0176685635616768,-0.1101997539947,-0.00936332434924786,-0.113729185292973,-0.00175746605197689,-0.116137272885696,0.00588766044239409,-0.118405976643134,0.0128541991393373,-0.119652283970958,0.0196451996037869,-0.117926687507362,0.0257769047486828,-0.115273902012527,0.0312908147633544,-0.118381054640147,0.0363940430335188,-0.117664720343526,0.039932984772634,-0.112888546186674,0.042057569379937,-0.11116731103529,0.0465270298109356,-0.107211466429014,0.0513192963262593,-0.10350747303372,0.0547453448994703,-0.100877191995156,0.0558468741931206,-0.0985189920159549,0.0545782385162751,-0.0960509044517504,0.0535339168947377,-0.0936089794256441,0.0536576963866121,-0.0921812862823359,0.0558407961619876,-0.0894826013955409,0.05906633466776,-0.0858293749615407,0.0628508830604315,-0.0809381685419197,0.0686624399762902,-0.0722199409921449,0.0749511604596726,-0.0601133606778503,0.0803340798615136,-0.0454587835541083,0.083323937722172,-0.0316633758768685,0.0850574104346678,-0.0199090110144655,0.0837536853233565,-0.012016059651075,0.0798630020551524,-0.00579981879930281,0.0780583929198419,0.000483074139029656,0.0767083975266982,0.00761568800246837,0.0755451170845828,0.0152091663707563,0.073602299388168,0.0240769232591704,0.0710246424301853,0.0343693351958884,0.0679988795945113,0.0449327950612963,0.0642916275394327,0.0536783498901917,0.0609174639898923,0.0608278883699053,0.0594154599740761,0.0664428097902618,0.0594461746308883,0.0715291427090142,0.0601856022606499,0.0773843224827338,0.0604114306497596,0.0854632909966517,0.0612267617408298,0.0950888702797474,0.0622917597058384,0.102585071314687,0.0634588735432081,0.111800388729047,0.0653286599763471,0.12001669349163,0.0670551395294532
"StrwTeg21",0.115878338373241,0.0641451390421105,0.114321071162935,0.0578118132282255,0.11289787014226,0.0513209221068978,0.110966288168762,0.0451251791671615,0.109412867726456,0.0383038751412356,0.109402376082131,0.0309474487881614,0.109322856432995,0.0232688136721653,0.108104172769952,0.0154003760834641,0.106705016593997,0.00759202471957195,0.105469714454145,0.000169933166460177,0.103619438148862,-0.00727990986831232,0.101757021871308,-0.0143471706739084,0.0987659100302017,-0.0209370775814299,0.0959411125764308,-0.0276599671954526,0.0924916211362305,-0.0343261228608232,0.0890450496778882,-0.0408850652101186,0.0848680716400239,-0.0474996615452716,0.0810713543455218,-0.0546516075537886,0.0766471523799317,-0.0614775358414655,0.0715197982362437,-0.0679852428885229,0.0665063953074031,-0.0743812214717235,0.0603618546330326,-0.0796483215534017,0.0536404461136352,-0.0844965832754514,0.0462985747227298,-0.0884438542386238,0.0389801899214541,-0.0924972608894214,0.0316531396639526,-0.0964772757600694,0.0239615052307173,-0.0995256061012733,0.015884518628216,-0.101627917690901,0.00761731326422172,-0.103699571029967,-0.00083702036533938,-0.105199269382243,-0.00930762480113799,-0.106147354291679,-0.017813369218771,-0.105829499039595,-0.0263470653737063,-0.104546295597795,-0.0347829495079509,-0.102380194897384,-0.0433177380592143,-0.0990749560828337,-0.0515446264042089,-0.0948025741101722,-0.0594762336726996,-0.0896152205403514,-0.0672536497157692,-0.0837387960878685,-0.074850864035305,-0.077397184829622,-0.0812810537821124,-0.0700618377234528,-0.0873298135052363,-0.0620047498504222,-0.0929216947099176,-0.0534324190623929,-0.0975353246390907,-0.0445480814436833,-0.100631624300902,-0.0352572257483342,-0.103667460557422,-0.0264963535737058,-0.106274074066585,-0.0182814587619885,-0.10823105651173,-0.00995873217043183,-0.108847927226362,-0.00163965421460078,-0.109922457198802,0.00612420383958331,-0.113471062518425,0.0127507297570128,-0.11569733301408,0.0197984844858587,-0.114699413748325,0.0268387097699449,-0.113392872028753,0.0337643422008569,-0.115346564883414,0.0394435587844379,-0.115061010298705,0.0426045497890595,-0.110946230132746,0.0440936956638204,-0.108548889663901,0.047215974801226,-0.104688909857706,0.0506537868696371,-0.100092201889079,0.0525024203892989,-0.0962214994916114,0.0529863680350965,-0.0925120199149152,0.0533814353303489,-0.0894212564979754,0.0546392751098883,-0.0867949292534529,0.0577276746341961,-0.0842341581588607,0.0614868587921803,-0.0823539491110728,0.0670740752815991,-0.0816072821476845,0.0732903924008779,-0.0765792746126244,0.0765606071583595,-0.0661314062646094,0.0765791693216221,-0.053640032185004,0.0799001490694099,-0.042941699002104,0.0891491557178514,-0.0317396177371569,0.0939867521540142,-0.0211336731740866,0.0938165032858607,-0.0135780782118489,0.09184501779115,-0.00858308869595992,0.0888425069137865,-0.00294447533004265,0.0867112953403223,0.00401330952269637,0.0840351429636729,0.0120894528574357,0.0810978197840195,0.0215405851341906,0.0766152074077081,0.0323513542221649,0.0706900978856888,0.044062755446099,0.065397589229372,0.0541859902416129,0.0621104378774856,0.0619831962582366,0.060085005701306,0.0677310383650873,0.0596035231602834,0.0723816310920794,0.0589291701572132,0.0773622193443148,0.0586659635647243,0.0841134372802256,0.0594179337136421,0.0922440661054505,0.0600771163674872,0.0986474134533915,0.061104045321833,0.106530936712384,0.0628592354007149,0.113428208194619,0.0649546304156519
"StrwTeg22",0.100029345279179,0.0592161101933855,0.102164468215027,0.0532057023745254,0.102899180030002,0.0470593141168144,0.10317422680228,0.0410967862070636,0.103579466908487,0.0344637284308568,0.103647751098793,0.0272785594124764,0.103741368308252,0.0197225473917986,0.103300878101504,0.0118454622532431,0.103341115983421,0.00401516407052528,0.103103249074358,-0.00348849919196453,0.102106320185836,-0.0110874813559065,0.100338302607566,-0.0181198773216058,0.0986137356663254,-0.0251212052137309,0.097721990014002,-0.0322074119797667,0.0957368051214527,-0.0390724746476761,0.0926859146388133,-0.04552676640509,0.0886887477293192,-0.0520538305663581,0.0846408163522698,-0.0589380352564932,0.0798728025354397,-0.0655721941168015,0.0748688407864018,-0.0723382092482082,0.0694101650032938,-0.0786160584571601,0.0635789530296188,-0.0845900927409662,0.0573856122986606,-0.0902899692049887,0.0513343900398638,-0.0959165018362205,0.0445060470945729,-0.100309012259676,0.0373545842270749,-0.104080643056269,0.0299468042610474,-0.107172558679959,0.0221222004738122,-0.109195049169202,0.0139814962791724,-0.110738525693179,0.00569315710607527,-0.111882963234768,-0.00262310260357715,-0.112254678885906,-0.0108106231217166,-0.112458299870969,-0.0188413413279969,-0.1103492212161,-0.027003877091841,-0.108376501210725,-0.034667869924007,-0.103782464844604,-0.0421169274950184,-0.0979594588622028,-0.0501339805610619,-0.0922395594990264,-0.0579660233551872,-0.0856658739254592,-0.0651239990060871,-0.0780398359665144,-0.0710256739703779,-0.0693476832622032,-0.0767057898949148,-0.0599799410896039,-0.0814317151772073,-0.0499094158671145,-0.0852260607381931,-0.0396917346306205,-0.0887449503921142,-0.0299718941390227,-0.0888020433480777,-0.0201033125599188,-0.0874350346527975,-0.0106169031210345,-0.0885379967675166,-0.00115765968407183,-0.0926692282089691,0.00770374796574385,-0.0977473410618317,0.0160392160473522,-0.103196624478332,0.0234625959634574,-0.107614942159188,0.0311866134400805,-0.110755204944265,0.0381084268737887,-0.114452419526327,0.0434772645297488,-0.115698841905996,0.0484311977781792,-0.114487694459812,0.0516776357023523,-0.110939733549624,0.0539159218578181,-0.108654340404407,0.0563827386183567,-0.106937433721663,0.0603536657760535,-0.104242705029089,0.0630828314785482,-0.101699443654558,0.0645466144195941,-0.0992301837821104,0.0661616296825933,-0.0965560994637349,0.0671112683974822,-0.0938741095056928,0.0689599531276929,-0.0911910776711013,0.0711892468805611,-0.0878136809989261,0.0746217597493282,-0.083755639542034,0.0777192588988036,-0.0768914244328918,0.0799580401636305,-0.0679052576560723,0.0855769472174037,-0.0554927675753454,0.089764957473609,-0.0411098751782061,0.093310416417532,-0.027974827966071,0.095732467571766,-0.0166031433576214,0.0926218547047248,-0.00827647847777498,0.0912505074686197,-0.00207938758828145,0.0929538124722378,0.0040251566784372,0.0942652266473313,0.00978374431975101,0.0969246268972237,0.0153008949977299,0.0981556892660203,0.0208355498474396,0.0934156122145924,0.0295089511317115,0.0879325928238776,0.0403260862947907,0.0829303547834025,0.0493087322035646,0.0776512630657255,0.0561030952174311,0.0733568208770255,0.06109861173926,0.0711537495654814,0.0644053696388045,0.0690370092408297,0.0675998521939269,0.0668130876303534,0.0726051253315177,0.0647950703856586,0.0792700823519285,0.0626744823686899,0.0851891563696999,0.0617539135727471,0.0922511737839509,0.0603485211642828,0.0980254796538617,0.059741334443139
"StrwTeg24",0.115472249865805,0.0632058857832254,0.115144450468851,0.0539085360247821,0.115135614211374,0.045013431086666,0.114548078168211,0.036518323055802,0.112695515126003,0.027590454635176,0.111266264033297,0.0183604714322966,0.10816176361342,0.00947386672820461,0.105178904762945,0.000623153718802503,0.103310298874933,-0.0078142111620682,0.101657316734534,-0.0149709599932435,0.09895528096453,-0.0205327325953144,0.093522593513814,-0.0226516134571057,0.0882272055330482,-0.0247097705838733,0.0842105511877361,-0.0269579869499345,0.0837082751053602,-0.0307156660172643,0.0863212905957352,-0.0347493326735305,0.0878932159955933,-0.0394508733975916,0.0853755641932709,-0.0442225003580609,0.0813945230341638,-0.0495799136345592,0.076938358435099,-0.0557140793762773,0.0710102778722198,-0.0612609255210467,0.0643445656177891,-0.0667535302465727,0.0580148889425158,-0.073296589078019,0.050698615647272,-0.078996455612814,0.0424600787472901,-0.0837419279223833,0.0338422813482752,-0.0882323284866538,0.0252297681240709,-0.0928732685914996,0.0163269973566579,-0.0969913977813947,0.00755980069843531,-0.101460958938514,-0.00122320260608735,-0.105562800674019,-0.00986892696282575,-0.109022791311917,-0.0187400873001773,-0.110623086918065,-0.0272507604182305,-0.112153559968727,-0.0351166323550087,-0.11311237532246,-0.0427090875261484,-0.110153678539394,-0.0508685070337848,-0.108462735775048,-0.0585112145930285,-0.105080679027555,-0.06520796148467,-0.0992767233080398,-0.0713777679059377,-0.0919960540834305,-0.077996878530444,-0.0847607604200686,-0.0839464906943128,-0.0763093660084156,-0.0887008651068853,-0.0666389884593163,-0.0940836200534547,-0.0573405734296164,-0.0994552639960611,-0.0484248775510771,-0.10425862904381,-0.0400928406465043,-0.10622137881492,-0.0312654398691353,-0.106477373265383,-0.0218042461015597,-0.106644907326945,-0.0123507755155505,-0.109491275144652,-0.00371431856888291,-0.113746763416897,0.00382687026307578,-0.115598938853231,0.0121312681412886,-0.114293486400433,0.0204014216446128,-0.110748389288422,0.0286931025544564,-0.107888252878411,0.035757615806323,-0.106483564569159,0.0409618868113207,-0.103687152028006,0.0447567658624601,-0.100627559265218,0.0469521068569472,-0.0965333872856048,0.0493474869590139,-0.0933040284762671,0.0519976034491647,-0.0913050696263145,0.0541769986019039,-0.0889142103475208,0.056236895639553,-0.0862256161382516,0.0579469924225732,-0.0833205072954104,0.060651922841519,-0.0808830399249651,0.0642684624087073,-0.0781943202848783,0.0696019510318809,-0.0749511120206152,0.0757504225068585,-0.0710557600957827,0.0837483465873953,-0.0617490962346592,0.0898411214964182,-0.0494441235351433,0.0955977169349949,-0.0361870853778902,0.101174689187553,-0.0237548675945843,0.102958583133431,-0.0129496846714071,0.100809581285667,-0.00535050592137162,0.0974378391140982,0.000538067718428563,0.0958872990816007,0.00646936078156399,0.0946919029572922,0.0128599047257734,0.0916779624091755,0.0204042635381562,0.0891974215227652,0.0295153547432693,0.0864663423149791,0.0390508808433606,0.080803943403116,0.0481844871751128,0.0729613962635233,0.0568581693801483,0.0674106217999495,0.06339206661339,0.0629074308764503,0.0685878399996201,0.060973330274816,0.0731292075037199,0.0605769681373309,0.0777382841052146,0.0589952774015745,0.0843747065148166,0.057949939077299,0.0924065156325806,0.0564924241840816,0.098941462579521,0.0566089310714715,0.106851404764991,0.0584785920107394,0.113411731657433,0.0621136004094175
"StrwTeg25",0.11989456289654,0.0649218264475208,0.118555868110976,0.0591010270096459,0.116966870453716,0.0534118809947628,0.11519535010972,0.0476331373236325,0.113571876184915,0.0410793353077152,0.112348103023648,0.033960062102592,0.111628224308251,0.0263377347701667,0.110314325054674,0.0184077779721792,0.108503451334792,0.0105536475270859,0.106076893334034,0.00322133029922761,0.103884468931846,-0.0044430204291742,0.101362919187392,-0.0117153981508251,0.0994279295685292,-0.0191113694964619,0.0970117283291812,-0.0263307276948563,0.0936833621542565,-0.0333523200695315,0.0895911842427944,-0.0398613249978113,0.0855828656594764,-0.0469602542066013,0.0809715372831354,-0.0540606689978424,0.0761188646880792,-0.0610501439414969,0.0701706704327515,-0.067358592783308,0.063522909809217,-0.073014782456221,0.0565700616124264,-0.0784194143988172,0.0494292693506532,-0.0837692958951199,0.0417930562687313,-0.0882333290573289,0.0341841991722286,-0.0925210456827446,0.0259622232187789,-0.0953314488987102,0.0175379428217403,-0.0975117236313996,0.00891638029951466,-0.0989337050322051,0.00023723065709323,-0.100721638548582,-0.00869038673102771,-0.100840157838465,-0.0176886424967138,-0.100158662110745,-0.0266924445577135,-0.0995505727834918,-0.0355800070071744,-0.098276179730703,-0.0439797450179637,-0.0949244667867732,-0.0525569166644746,-0.0905274271576662,-0.0614822527106476,-0.0867976832749563,-0.0705419552341916,-0.083511068933063,-0.0793145879786264,-0.0799796852165441,-0.087097676633207,-0.0749641821918902,-0.093731073202029,-0.0692036946420007,-0.0985693396786423,-0.0616317656251832,-0.102346670626379,-0.053058881010967,-0.105851094922942,-0.0444466700163964,-0.109569515664578,-0.0363463961824215,-0.114152444530296,-0.0294725225333612,-0.116396668644407,-0.0221798812540672,-0.11792527731167,-0.0146488436933638,-0.119088269523763,-0.00738416179277859,-0.118265143001604,-0.000412736593044362,-0.116707433581502,0.00601306118952332,-0.115273341605337,0.0125953656935479,-0.113446529840121,0.0186887605210342,-0.110977289911674,0.0243715926116597,-0.108764420249031,0.0286105292731522,-0.105361424437946,0.0300915294908775,-0.101124312424913,0.0300085212315619,-0.0985113545633447,0.0306770502286203,-0.0972215616399605,0.0341643520199294,-0.0961770263355047,0.0376830675581607,-0.0957688254403878,0.0401699835187374,-0.0954731068534843,0.0430257588078389,-0.0948561908167021,0.0458217237105417,-0.0925239415212375,0.0488188690197275,-0.0895272484602805,0.051904874038385,-0.0880546024190199,0.0572694609030422,-0.086939946109256,0.0637059981929461,-0.0813908590416037,0.0698976846884278,-0.0718059684565804,0.0775170784037755,-0.0586367692348537,0.0840370614970681,-0.0428234910618753,0.0875461805788422,-0.0273972613858372,0.0870046992669437,-0.0136311349795678,0.0847124714329851,-0.00358988292046917,0.0828250239755884,0.00371194801575394,0.0814564886619543,0.0103448707151989,0.0802634477456911,0.0165947275336977,0.0814641414879738,0.0215233385783283,0.0842086883817038,0.0264889219923654,0.0799583198252294,0.0353147902983717,0.0762524258059125,0.0451250134033011,0.0709157968240574,0.0546293092437513,0.0682348427701959,0.0625654451684506,0.0673176362094451,0.0682594282923059,0.0658897233635107,0.0728520851518839,0.0642868001824802,0.0779899571382753,0.0633662752628081,0.0851538550192276,0.0628172470485418,0.0937787434780024,0.0621460527806005,0.100725460705252,0.0628971157858423,0.10949662248161,0.0637567816179418,0.117348264019859,0.0645301825633685
"StrwTeg26",0.117387542948576,0.0773637715861132,0.11676689852169,0.0696836027768758,0.116145981618657,0.0620265101815063,0.115651875255785,0.0544732510597491,0.11387737238813,0.0465073240322052,0.11148549304686,0.0384236989417456,0.109444642094623,0.0300489314693066,0.107526209493867,0.0215430765378268,0.10494733805699,0.0134764851068357,0.102561875195019,0.00605317289066581,0.0996370568299841,-0.00111523136928165,0.0947228718962593,-0.00693166174383098,0.0895002641484465,-0.0126249026127198,0.0844243025958535,-0.0186525084495745,0.079754834714573,-0.0254924263896663,0.0748562506445774,-0.0321297916235446,0.069589191763557,-0.0392271951331627,0.0640642732484665,-0.046735256468514,0.0586442343722971,-0.0544860186667171,0.0524282834785133,-0.061893882532144,0.0466454781291277,-0.0695183513286167,0.0402144984665277,-0.0765657716346254,0.0334168736343769,-0.083335405200596,0.0265196898342323,-0.0897496003428373,0.0196806534573984,-0.0958627109689142,0.012542921084685,-0.101182046999193,0.00530227867165771,-0.105954420690939,-0.00220122784218941,-0.109945095802396,-0.00987300933565861,-0.113255722521852,-0.0176961904974058,-0.115557914735353,-0.0256325867597557,-0.116480263274968,-0.0332823746783092,-0.117785981259388,-0.0407906184814744,-0.116938119420016,-0.0481685222837353,-0.115652599712171,-0.0556282271835016,-0.115261171144197,-0.06230898604095,-0.112346438694246,-0.0688458793312001,-0.108568140691896,-0.0756150508612698,-0.105049058700617,-0.0812843649087672,-0.0998134898155495,-0.0860282273638421,-0.0936358526997367,-0.0892043267219021,-0.0857864316144075,-0.0928806739245949,-0.0776428106196481,-0.0972692248910312,-0.0698491196995307,-0.100491622415364,-0.0618802784499722,-0.100331113020227,-0.0533304282048252,-0.0986764276614963,-0.0447903254433205,-0.100862512102289,-0.0356935108250227,-0.101077579702213,-0.0260392998401849,-0.0990816255966714,-0.0166024948647544,-0.0989805727942663,-0.00764245620685211,-0.0992576215855349,0.0014287891614241,-0.100495915844117,0.0097981752581039,-0.103134477111364,0.0175998996547749,-0.105463270432064,0.0238704965455677,-0.103257105329359,0.0286746928541685,-0.0999654660387146,0.0334867048096766,-0.0978722674824806,0.0376761004950847,-0.0937295757933604,0.041806851476089,-0.090440244519802,0.045759138693943,-0.087760059788066,0.048060730993942,-0.0849076588947929,0.0504007931947482,-0.0820258049279087,0.0526058832161525,-0.0793141683459681,0.0562845580289372,-0.0759139950671211,0.0599680712627439,-0.0726538749349773,0.0657065344032411,-0.0699125658895343,0.0728945803738997,-0.0640262814554341,0.0810021696097013,-0.0586339293299921,0.0919878529649425,-0.0482406490578119,0.0979756733430102,-0.0343185962658218,0.0997195453617865,-0.0203056427721272,0.0987877335897944,-0.00785710632275063,0.0965368279415658,0.000151430317970521,0.0914487899522124,0.00681023899053795,0.0895839295855563,0.0136215538738435,0.0880632071856229,0.0212216690624905,0.0852925401752199,0.028650938585323,0.0801945891817885,0.0364692791542659,0.0726902855488661,0.0463980669657909,0.0660357424278288,0.0584357913420503,0.0640280626071234,0.0682432216673932,0.0633678576769878,0.0742728030443959,0.0586972657136272,0.0790143563962994,0.0569767186410973,0.0825790370444093,0.0570244647704572,0.0857649634805361,0.0598018870321426,0.0906225879417366,0.0637357796518708,0.0972597300720792,0.0671879005907831,0.102345929725031,0.0700939898302903,0.108909409463367,0.0737804317579101,0.11511465257429,0.0770299121943762
"StrwTeg28",0.110137108600218,0.0720999001893322,0.10989466093902,0.0650147851109419,0.109699259061206,0.058056108729418,0.109156954289545,0.0511483472792945,0.10824086376644,0.043481888819715,0.107122702704746,0.0353443784602094,0.106064272944864,0.026844661539639,0.104482567509992,0.0181470425372568,0.103283312082608,0.0095168461559948,0.101792090830671,0.00145244052450348,0.100340809883851,-0.00672130382263629,0.0989413082312568,-0.0144363893301941,0.097886120446936,-0.0220411463215081,0.095761997594042,-0.0293108116423762,0.0929362167818334,-0.0365041240827165,0.0898419868951027,-0.0434438939900017,0.0862025809490719,-0.050531013151423,0.0818414450759531,-0.057492340511021,0.0773407375928098,-0.0643865230199086,0.0717091653279254,-0.070591907577648,0.0657939372492741,-0.0764604018287365,0.0591482396744173,-0.0815358845470218,0.0529157652958745,-0.0872426751831332,0.0463789867474723,-0.0923818731996953,0.0394965155514684,-0.0967968711153302,0.0326633177947021,-0.100926833790116,0.025128734729952,-0.103321252079588,0.0173126984954158,-0.105192791490442,0.00934364648531166,-0.107119530042288,0.00124707205932401,-0.108600592705901,-0.00689353306486819,-0.1091999068468,-0.0149365512690796,-0.109094728177477,-0.0228069780622775,-0.106381678157392,-0.0311741667136349,-0.104149012987179,-0.0397372756958058,-0.100740419321042,-0.0483657937471271,-0.0970974585824842,-0.0568646333509031,-0.0929083421108908,-0.0648270667939772,-0.0874493849032844,-0.0724623532978121,-0.0812635043745562,-0.0789684426735679,-0.074119848294676,-0.0842393276883291,-0.0654459692483896,-0.0897979031367944,-0.056485612274022,-0.0945273544761031,-0.0471283900257066,-0.0988235616650496,-0.037827515445106,-0.101829152497012,-0.0286207805621777,-0.103500724273329,-0.0195808145664604,-0.105568646933613,-0.0104838138516973,-0.107247415005559,-0.00148469483056503,-0.110470904448537,0.00689432309045139,-0.113436161041305,0.0149285347004653,-0.113919800225753,0.0235314561191668,-0.112716715184919,0.031506968744583,-0.110626975179904,0.0390365957347098,-0.10916730252702,0.0454681224837979,-0.106669133433879,0.0488722267220588,-0.102814296823681,0.0503236291486103,-0.10105796895503,0.0529743195300581,-0.0992528905301164,0.0561253240296823,-0.0963360341466905,0.0554640392328353,-0.0939472793057697,0.0528816244311761,-0.0910326290694715,0.0512580601684603,-0.0880295664654859,0.0509070142160952,-0.0852949089167842,0.0524458575001811,-0.0847739006535765,0.0564920608713574,-0.0818104438494641,0.061254015721703,-0.0758030029986485,0.0653644445832413,-0.0697476232536047,0.0730100722463708,-0.0647220801448627,0.0839951085826984,-0.0533305836531735,0.089115620605117,-0.039024583888774,0.0923738643040755,-0.0252746473704842,0.0912539508144515,-0.0136748718674728,0.0846928529610272,-0.00490203605611653,0.0806256934627397,0.00163236511713815,0.0793377468665203,0.00827571451713142,0.0798404453121405,0.0157783438779398,0.0801573216493576,0.0238657569502439,0.0790973962414631,0.0330608259278993,0.0762796239175452,0.0429142480026561,0.0709248090866808,0.0535662031548651,0.0667512183979656,0.0630278953672106,0.0658389602628606,0.0700970086983625,0.0652100639322507,0.0747890392087647,0.064060435315437,0.0783698663845445,0.063767082832969,0.0820488639716636,0.0652084913826723,0.0870361810721463,0.067126974398234,0.0924568841524751,0.0697265497954923,0.0971281092686826,0.0701022842304555,0.102975763900116,0.0710325780814655,0.108329883937202,0.0718672469217286
"StrwTeg29",0.116592034936918,0.0642729342361804,0.11662531172435,0.0578914224597318,0.116809265560854,0.0512347557023003,0.116218965534462,0.0448460986741103,0.115121414075707,0.0378548364125293,0.113647882329122,0.0305024721799485,0.111658854999699,0.0229248511948878,0.109471927037365,0.0150985351703902,0.107391186162329,0.00732303564924366,0.105001882390606,0.000102069827195128,0.102972728152403,-0.00736933820431598,0.100606887095365,-0.0143553206864933,0.0977881246788885,-0.0210719549561685,0.0949312847005286,-0.0277523435091512,0.0918871676995282,-0.0345040702411723,0.0894181558175698,-0.0413219649944419,0.08577120489007,-0.0479485266170042,0.0810200450311315,-0.0542837582311033,0.0766161179992719,-0.0609808498847325,0.0716735512583793,-0.0674577077078414,0.0661486376824959,-0.0733320499397672,0.0604532867350589,-0.0789683341605104,0.0535873264534145,-0.0833540040224533,0.0465553732179363,-0.0875853847337368,0.0390352712398025,-0.0909468761109619,0.0311238741222273,-0.0936345713719109,0.0231514144179181,-0.0962410720148672,0.0151816873266839,-0.09888582255092,0.00686415910946312,-0.100705244043507,-0.00162550837457188,-0.10192784619917,-0.010140614253458,-0.102212782599173,-0.0186659302232791,-0.100842132432663,-0.0274193927496104,-0.0996642680429851,-0.0361236615075931,-0.0980424645436711,-0.0448466656955324,-0.0950296095831573,-0.0533903354561857,-0.0915223332522683,-0.0614452129393436,-0.0868730535487116,-0.0691213415592912,-0.0812963898666466,-0.0763226966893452,-0.0749407273604533,-0.0826569382697208,-0.0680471550025354,-0.0873304681682131,-0.0594362695897941,-0.0933007189582668,-0.0513170298841965,-0.0984248011785025,-0.0428307332169185,-0.102750730773335,-0.0342600533497859,-0.106773236670025,-0.0262669194503763,-0.110837979690523,-0.019163885625985,-0.112739428692908,-0.0111698132972359,-0.114167282341076,-0.00309631906211688,-0.117058400166829,0.00427351441691418,-0.120167780353539,0.0109818779779099,-0.122090059176167,0.01785870145825,-0.121111349596719,0.024722527400843,-0.119597296476475,0.0318376546016682,-0.118090046327456,0.0378939356438474,-0.114996017766567,0.0416874626359977,-0.111461879655973,0.0451333239392703,-0.109368194323215,0.0483214244192237,-0.105829278241876,0.0511615326336324,-0.101965136601285,0.0525224384765777,-0.0989657227419159,0.052868790248891,-0.0962406013444516,0.0533710842390191,-0.0944615251712315,0.0554778080938211,-0.091275447980839,0.0573985356925559,-0.0881893573280837,0.0603153992199918,-0.0834119414903191,0.0636820756752564,-0.0775248229330848,0.0663506156217889,-0.0717961713817547,0.0724196162565878,-0.0630751989894792,0.0792144610794222,-0.0522989364331532,0.0851844567887088,-0.0395901040433549,0.0872890792796174,-0.0279148919866438,0.0877814496371811,-0.0183849712374565,0.0847203993680963,-0.0121093003275881,0.0813044602075561,-0.00670778403527192,0.0820269322694245,-0.000995885105336252,0.0828638053877978,0.00537107228597685,0.082193711452021,0.0121420152497581,0.0796038958245519,0.0202792835696759,0.075585791714076,0.0303322987086587,0.071058594852695,0.0412993989280724,0.0663845710330316,0.0508380757183262,0.0629169440346695,0.0588668541699808,0.0619995419106126,0.0649069880947468,0.0617176847050359,0.0700323882236753,0.0619885162214469,0.0756069163891439,0.0616120978094858,0.0832115162875832,0.0612794015984216,0.0921509189789231,0.0622790090959454,0.098986042122837,0.0641155700501666,0.107372549594744,0.0650159234760755,0.114332283994094,0.0657142274781496
"StrwTeg30",0.0981786094625163,0.0822192183278172,0.100067147527816,0.0735798255007119,0.101924537662606,0.065129460311843,0.103729659248045,0.0567150489554164,0.104440548223971,0.0474560592849155,0.104656222872368,0.0378952038349103,0.104983513386473,0.0281580716063677,0.105090564675383,0.0183568050327002,0.104750555679499,0.00890824993558189,0.10474580498902,0.00025404504157884,0.104383123353898,-0.00832476242949272,0.103904964809818,-0.0163317603456854,0.102514601980584,-0.0238829091662828,0.100239775375516,-0.0311001493640112,0.098199916060241,-0.0384595220185753,0.0948668034001397,-0.0450646851567138,0.0908957517078989,-0.0518780030287338,0.0867819114934717,-0.0590190686382023,0.081761365828395,-0.065572655748055,0.0759939303490385,-0.071765123422605,0.0702671082027615,-0.0779932700675311,0.0645411977640516,-0.0841469259534903,0.0577238886837964,-0.0892000191848811,0.050574523379479,-0.0937781240589196,0.043592651049187,-0.0984622540800074,0.0361519735035404,-0.102168855133299,0.0281987908728617,-0.104644153562149,0.0199457685507506,-0.106480167239565,0.0112618921433572,-0.107558844585057,0.002367061614116,-0.108493219930946,-0.00664460399690962,-0.10843305184445,-0.0157319572036236,-0.107412515780548,-0.024925435129448,-0.105907712409405,-0.0339697958433432,-0.103202960982773,-0.0432922012935645,-0.0998007083897223,-0.0522627531564191,-0.095402800721123,-0.0613713606327064,-0.0911974422923966,-0.069754148346741,-0.0856993759498867,-0.0767263260215185,-0.0780560130162829,-0.0826972069622917,-0.0693414049482409,-0.0882122369883142,-0.0595997468306653,-0.0946377243224336,-0.0499626445793439,-0.10032797115681,-0.0400842533378956,-0.104638690974816,-0.0299368439507578,-0.106788317529491,-0.019683346049235,-0.107531128169747,-0.00972436390207283,-0.109263237115801,0.000127920287141972,-0.112966503141608,0.00927074483752861,-0.116950089889509,0.0180069356066737,-0.121306685374763,0.025827561159395,-0.124083360595559,0.0335885470923375,-0.122386506021874,0.0411672388602025,-0.120036331777516,0.0486846724785501,-0.117682397293382,0.054743120556669,-0.113646461873342,0.0576204214521381,-0.108520759620917,0.0592000652709487,-0.104553379936193,0.0599022665281327,-0.0999445031594666,0.0601546446194306,-0.0956120510498406,0.0591836641684002,-0.0921840355935044,0.0585156200850673,-0.0892702814260279,0.057645176248492,-0.0870927201236962,0.0574591029439078,-0.0859804926901269,0.059686283922578,-0.083886557879691,0.0621450639133329,-0.0795807467640537,0.0644343384223327,-0.0759778252807022,0.0690158964385021,-0.0713537401481056,0.0758139778654509,-0.0642963968586727,0.0835751878039561,-0.0557334028156297,0.0890550090535852,-0.0449393686063793,0.0855707610428875,-0.0328230572372079,0.0806137964613805,-0.021406171785898,0.0768296392425748,-0.0129508654761299,0.0786050871765238,-0.00701416538375974,0.0825795261032429,-0.000820965831585341,0.0853140400726638,0.00578862824608311,0.0849046246137239,0.0109788597053027,0.0797409471595973,0.0142265991672561,0.0700470100990807,0.024362539138924,0.0627013624505852,0.0352968671533209,0.0539128237603392,0.0450762441949662,0.0484202493404388,0.0536136158198435,0.04763862572859,0.0599105180707748,0.0487297353491637,0.0649282158118177,0.0499349286693901,0.0694555896088171,0.0533563222238239,0.075995772105632,0.0571600287427283,0.0816603060383247,0.063606983278718,0.0862460340752341,0.0683223484837143,0.0917915199404439,0.0745267061547007,0.0968987896901096,0.0802499046210959
"StrwTeg31",0.12385843202324,0.0604752331972531,0.1217497539688,0.054179032012683,0.119130627458006,0.048000252990353,0.117053282749424,0.0417257567442654,0.115885471536175,0.0345123503391147,0.114333733165228,0.0268712262525043,0.112766926106082,0.0188308290535837,0.110604111237952,0.0105938521787386,0.108425055362755,0.00244627912327942,0.105884657475092,-0.00506339831754796,0.103741620300239,-0.0127471516491017,0.101676060604202,-0.0198495062943157,0.0977927326285399,-0.0259398478145509,0.0951182410205221,-0.0326577799522148,0.09103431651632,-0.0388501499400589,0.08680660748854,-0.0448763546043768,0.081841925348831,-0.050929205154259,0.0770283089429308,-0.0575500310906778,0.0717488644733432,-0.0638516125616317,0.0666876239911247,-0.0703980642742271,0.0606911108781675,-0.075776005465052,0.0538041951756749,-0.0800564884536694,0.0470612356159262,-0.0847543851564328,0.0393906538081279,-0.0876410412224555,0.031377106475504,-0.0900608579103587,0.0233463786128451,-0.0927685627831537,0.0153373945820648,-0.0954581116325752,0.00716995234631261,-0.0974847144217554,-0.000944540826502905,-0.0997872227484489,-0.00932434190169014,-0.100470107978259,-0.0176796695343608,-0.10079467909417,-0.0258937680291547,-0.100690048350306,-0.0338960032087319,-0.0991193425688301,-0.0417282431088794,-0.0974003222199804,-0.0493317845328996,-0.0953298238995857,-0.0551310610292106,-0.0898208525568394,-0.0609210538282155,-0.0832027200558187,-0.0677507034285048,-0.0767961538455803,-0.0758467702695487,-0.0713216065343047,-0.0831886215945999,-0.0649903241317534,-0.0906446975812143,-0.0585235723744473,-0.0971911089174229,-0.0511441060495911,-0.103997326985285,-0.0447010197133315,-0.110656324937464,-0.0392104647940946,-0.116960761440247,-0.0350972614410989,-0.120559184388469,-0.0294527745834001,-0.122248133211189,-0.0223653056449492,-0.124055704577077,-0.0151206795826869,-0.125643426873424,-0.0081157627292177,-0.125181441512157,-0.0012895572093435,-0.124055175833993,0.00584247640295749,-0.123300134021886,0.0127250861753547,-0.120316118540265,0.019143181198199,-0.116072929418637,0.023905524334251,-0.111706826557416,0.0270537541867677,-0.107194875513715,0.0301185128503976,-0.103472832771691,0.0319645399490421,-0.0996147133939987,0.0349567409238017,-0.0968314511941802,0.0380269758984615,-0.0951274215758438,0.0402585680620674,-0.0935109766348839,0.0427533741072095,-0.0925884335662837,0.0456347725912897,-0.0900517826846017,0.0487141468044232,-0.087601652969747,0.0524789918062037,-0.0830411330761438,0.0563539947519311,-0.0801466405702766,0.0622406295145982,-0.0769018836172494,0.070445445313149,-0.070451801558214,0.0792879274946648,-0.0599689522852767,0.0854562016815193,-0.0469566856418351,0.0888773367332351,-0.0339858591455589,0.0886915947687191,-0.0221381742366035,0.0867861158740284,-0.0133230063383053,0.0853449303016615,-0.00653334130901319,0.0863190832850805,0.00023845987662026,0.0869831134644015,0.00754660368777966,0.0861205788859351,0.0151718516526677,0.0838013703743076,0.02376180365037,0.0802966167543293,0.0318463958986437,0.073067981831138,0.0418414753109063,0.0672931356103944,0.0510278714050743,0.0635719262550292,0.058491777434723,0.0617274666455755,0.0643911330593864,0.0622955819712799,0.0694360323505405,0.0609677105518068,0.0751413248476933,0.0592888402614074,0.0834083544879144,0.0584227083300775,0.0936479144696647,0.0585973033206806,0.101863801801052,0.0582578755059988,0.111960600420254,0.0597162279083802,0.120906130181925,0.0612176231160537
"StrwTeg32",0.10667259669662,0.0683025477275687,0.109217293083753,0.0600322658929566,0.111228658315876,0.0519897776681503,0.112699570412315,0.0442131513541002,0.111125012388358,0.0358701231069614,0.109651164242798,0.0271261300069319,0.10794311815132,0.0184262377955558,0.106334789625333,0.0100897261899241,0.104998423954809,0.00282745532928644,0.103699320488279,-0.00231218665189478,0.106528165828231,-0.00541138746269111,0.104005134654038,-0.0079625667300718,0.100640090281255,-0.0115869864642403,0.0987644282503236,-0.0169700484832944,0.0967394571901684,-0.0232287111362389,0.0944106711880158,-0.0297355416758852,0.0911508319737785,-0.0366716584790716,0.0874480952913388,-0.044091067735069,0.0836577975509175,-0.0517685102993907,0.0791659122912921,-0.0593975963825741,0.0744378088649938,-0.0668482151834186,0.0691250430700688,-0.0738450797832737,0.0624190181321782,-0.0797838110471503,0.0561832160188831,-0.0861583126420946,0.0493576503980597,-0.0916282518527243,0.0413673901057067,-0.0953577193765846,0.0328819376026046,-0.0983816702669534,0.0244596411756635,-0.101873198061234,0.0153272158555411,-0.103923356962933,0.00576377072282657,-0.105136071056516,-0.00395175334865351,-0.105929184356312,-0.0137501767295973,-0.106036488287521,-0.0236290995853485,-0.104875787997796,-0.0335108042429227,-0.103272416131412,-0.0435785391409321,-0.100744278771475,-0.0532431652729822,-0.0970841169854592,-0.0624137367158899,-0.0921021407772625,-0.0713354312955502,-0.0864327884621712,-0.0793069945111172,-0.079275666194055,-0.0869667904266709,-0.0722193194286852,-0.092702823726697,-0.0631809205615779,-0.0971257377923619,-0.0528166980175036,-0.102386453508957,-0.0428810045347696,-0.106228415335175,-0.0325930895420543,-0.109879455001774,-0.022925998930217,-0.113096707804738,-0.0140062784007916,-0.113566720313245,-0.00435090132601081,-0.11386588879529,0.00529966148768352,-0.115975527703829,0.0143512539095606,-0.118116516998511,0.02265750117632,-0.118444914977677,0.0309768871703633,-0.117897482099482,0.0382266870246886,-0.114654125822193,0.0444762731670146,-0.110640929638789,0.0491787623543825,-0.107295652545363,0.0522433602446647,-0.102601910650945,0.053232424283394,-0.0991107302754547,0.0541135767463919,-0.0959718721402556,0.0573729186241357,-0.092580581921488,0.0594986984446333,-0.0897279367362301,0.0602450566382184,-0.0867908472845729,0.0610786691550467,-0.0840660668881821,0.0624056676935786,-0.0805738617138593,0.0637011743894176,-0.0769214181356335,0.065319835497587,-0.072007340061423,0.0672373892058668,-0.0685697259253998,0.0717495735695702,-0.0636588769958208,0.0778335983265524,-0.0561846724109233,0.0846978391952131,-0.0496252011345602,0.0926611097362575,-0.0415664745215448,0.0958979149386433,-0.0332577157582759,0.093175875208461,-0.024902754996309,0.0909516156323637,-0.018108849831312,0.0931968979487319,-0.0123662953347304,0.0951544063877397,-0.00622229866354143,0.0960389241307636,0.00113479573759274,0.0946715986101156,0.00960164956662225,0.0924022120160874,0.0189080642196004,0.0867987961187494,0.0291512190968453,0.0782133840421111,0.0402372262203808,0.0691837885742298,0.0490007834499077,0.06147595817957,0.0550443755153402,0.0556827261356393,0.0600394208907105,0.0537481381879661,0.0646419878959567,0.0544491180704939,0.0698109326757012,0.0540843927017046,0.0767059327399721,0.0554947801106133,0.0846926068705334,0.0587588723105191,0.0910401169977233,0.0613743412455421,0.0988163526708581,0.0641279259702343,0.105126058367832,0.0665703365447042
"StrwTeg33",0.11132482240309,0.0618549435626987,0.111047943919942,0.0558219573341954,0.110612493337344,0.0497758853282575,0.109583845731788,0.0437867303534795,0.108256896956384,0.03709713933813,0.106799078942773,0.0299254737133574,0.105309185765399,0.022362555549411,0.10348934455054,0.0145407908810633,0.102310855240843,0.00665094204799706,0.1017514158545,-0.000956517152425909,0.100519461699233,-0.0086585975686921,0.0991799307885435,-0.0159494610379564,0.0979136136478229,-0.0231722747225594,0.0959690121276055,-0.0301471363241489,0.0926592164447942,-0.0367952603596362,0.0895695066004204,-0.0435042374817987,0.0858238898324453,-0.0503358451657637,0.0825173929893318,-0.0576365401019023,0.0786871094209629,-0.0647185826968416,0.0739685818980011,-0.071399773740585,0.0683990076993532,-0.0773003111437938,0.0623408711516367,-0.0827903575558137,0.056197858404968,-0.0883129346481288,0.0493289752277578,-0.0927753761950662,0.0426168761175285,-0.0973436680562798,0.0354568911540034,-0.100964913581185,0.0283707231949559,-0.104469245949645,0.0212245591472942,-0.107387984824081,0.0133578174692161,-0.10805520089392,0.00510326070162007,-0.108191357726621,-0.00330060000374052,-0.10791281605232,-0.0117599306730732,-0.107090098731,-0.020336356998549,-0.106729943241207,-0.0287394256862176,-0.105225040879542,-0.0371772300484339,-0.102237416065884,-0.0454941962783484,-0.0990083224248688,-0.0527862189390432,-0.0935231660966886,-0.0602543987657874,-0.0874588101174251,-0.0674728491525862,-0.0807261841845343,-0.0744134535280396,-0.073856676751597,-0.0808735764477115,-0.0662613728390947,-0.0857084136658854,-0.0573471558445555,-0.0891590673119896,-0.0476965131539079,-0.0926707677704479,-0.0382110489255257,-0.0947256061193176,-0.0286872701202398,-0.097111050760498,-0.0197713112892227,-0.09887028287428,-0.0106728457325051,-0.101502677872181,-0.00201372712089801,-0.105538017369438,0.00569263261096951,-0.108205449110169,0.0131495006750665,-0.108238967402459,0.0213257885295848,-0.106679135715233,0.0294594505003013,-0.107512909056479,0.0380150718978357,-0.108615130240456,0.0453374007024259,-0.106716186804897,0.0505422102473439,-0.103776360851001,0.0551898763115034,-0.10163516829421,0.0589051611802617,-0.0997498567136027,0.0637358531208624,-0.0982235802228583,0.0675595515133446,-0.096915384859614,0.0697744419541348,-0.0958443943348988,0.0722194470369135,-0.0947711819426941,0.0744983915955833,-0.0923977143053538,0.0765362389679108,-0.0907094704385918,0.079354601212765,-0.0888374353673562,0.0830969902432634,-0.0854418724339979,0.085932818102531,-0.0799569150576351,0.0891378789161293,-0.0710198438294864,0.0916149283281747,-0.0591826068606695,0.0918789653563562,-0.046613232487703,0.0952113382577074,-0.0349236983468126,0.0907126599709534,-0.0233179740012703,0.0866132474379195,-0.015766999725348,0.0816168263611463,-0.00950022906820556,0.0803395071450723,-0.00337139955450655,0.080243335376621,0.00206788614077362,0.0764626594670312,0.00901385742283722,0.0759015381927099,0.0178772901332858,0.0780651317462946,0.0284121696133411,0.0775207457396238,0.0382985783308496,0.0704555602857522,0.0479311952759158,0.0654347722097432,0.0565647253290276,0.0638255481671808,0.0626592359450696,0.0621187795864162,0.0675567698543542,0.0610754965544424,0.072634860291552,0.0603369173239188,0.0793767936117784,0.061430996357614,0.0874333446755929,0.0624869326812261,0.0939298879805631,0.0615486687433267,0.101941941408805,0.0619918973402477,0.108960255116669,0.0619290224957488
"StrwTeg34",0.107137149094883,0.0637597837902342,0.107309812916956,0.0561445308300729,0.107529379212018,0.0487606135918019,0.107687207349577,0.0417085443994194,0.108090355715812,0.033993580197575,0.109057060730767,0.0259118660168883,0.110395847371404,0.0177401067587989,0.110000082385304,0.00936433767034399,0.109092011761633,0.00121152878534838,0.106764351132445,-0.00620925477901323,0.104227483938946,-0.0138025464876196,0.101940525986141,-0.0210852826702065,0.100391002024927,-0.0284589399977049,0.0988189375875553,-0.035683715553503,0.0956971280844231,-0.042429609214015,0.0921277407392025,-0.0488681533764647,0.0886054737875984,-0.055720204903964,0.0835900378032652,-0.0618658931708055,0.0779777824375635,-0.0677043038272462,0.0722332949813564,-0.0737149127931988,0.0658235072624091,-0.0790021575007371,0.0593189794686649,-0.0842424443548097,0.0526447311265253,-0.0893852885594788,0.0461953723860963,-0.0945536036604749,0.0395638538831325,-0.0990550707332306,0.032218938454886,-0.102025123148166,0.0250166173211796,-0.10510891304499,0.017907980463237,-0.107923452808103,0.0101147227703708,-0.108320569331054,0.00185113987171678,-0.107485904660376,-0.00669430861875382,-0.10619705256082,-0.0153835709206673,-0.104177745440831,-0.024270937625504,-0.101415865456965,-0.033239892985993,-0.0981316372126191,-0.0422589844223502,-0.0934156843312953,-0.0511719487720099,-0.0881315135055799,-0.0602476655656157,-0.082928130970903,-0.0685490290307154,-0.0763428327076549,-0.0760749756333479,-0.0687535663022826,-0.0818790856136353,-0.0599161289106023,-0.0866998253429882,-0.0500149221846833,-0.0935592566466843,-0.0412684705376579,-0.100375446106809,-0.0330405998656868,-0.106919031756483,-0.0256733010307544,-0.112841217675331,-0.0195171463846939,-0.116703150688418,-0.01359771266222,-0.116581720828946,-0.00606171772442275,-0.114812969678281,0.00206390219556212,-0.113800366739368,0.0100305727259891,-0.113016698692221,0.0170642221376138,-0.114506734730959,0.023674360519999,-0.116115801867704,0.0290473956852807,-0.113264831934754,0.0339188857756845,-0.110945436766773,0.0380297958762358,-0.10753185168556,0.0397067143557192,-0.103255394736586,0.0402301329386281,-0.10023326756624,0.0400784834684314,-0.0974733403670479,0.0405249841544766,-0.0958810082423457,0.039422819482078,-0.0950861062458424,0.0410455584226492,-0.0939865043470941,0.0437448701153673,-0.093857858526973,0.0469513413473621,-0.095839809127123,0.0512194076477332,-0.0973650491645617,0.0558171348856774,-0.0951367367241866,0.0596035075174939,-0.0893906974120362,0.0591236162156474,-0.0809037206920768,0.0607444218191717,-0.0727505333966856,0.0702863633970316,-0.0614965123400858,0.0812823207038794,-0.0475012442624883,0.0904078421386536,-0.0347120205245583,0.0962154796600617,-0.0226868612425982,0.0936335582014207,-0.0132459110510656,0.0911772119477739,-0.00617688393432816,0.0898957504542079,0.000795889843175669,0.0901498044676047,0.008390322044008,0.0904971082421611,0.0163641174433463,0.0906865294151025,0.0251399703957142,0.0895244580718969,0.0337329211990742,0.0841400170506602,0.0418956005749739,0.0761485897740122,0.0498879709115905,0.0703546777302661,0.0554567249038697,0.0653872803319515,0.0610104172116567,0.0645800542571348,0.0656633676165818,0.0635854620095645,0.0704448734686001,0.0624416351341027,0.0768010870663788,0.0636134484535226,0.0844826434634908,0.0647923992296162,0.0906904084518644,0.0641089109825492,0.0982284335993542,0.0632487385314462,0.104840252114945,0.0641679568713884
"StrwTeg36",0.111862396963556,0.0640147091044531,0.112154037199729,0.0583619330661769,0.11251206306003,0.0525865823234472,0.111817743891977,0.0466931053893184,0.110913573454099,0.0398076791716643,0.109790640416853,0.0322081814395076,0.109059169662897,0.0240756038874005,0.10834110202546,0.0155776672696491,0.106883479660407,0.00727270730977139,0.105166555678824,-0.00054706659850888,0.103668514520715,-0.00849892645843951,0.102735799355916,-0.0159946043142065,0.101706040262787,-0.0233153499018723,0.0999181750775501,-0.0302579300617944,0.0962133446038345,-0.0365547528034934,0.0923030886973945,-0.0427546525681596,0.0885620707176814,-0.0495794353563515,0.0840588250827856,-0.0562734257423864,0.0790013292602569,-0.062700956523278,0.0732450047441543,-0.0688183266657647,0.0674655104665971,-0.0748597161800651,0.061353649134236,-0.080555583078853,0.0551416634449396,-0.086173920180544,0.0490768247355268,-0.0915911857038217,0.0421734824732367,-0.0954009795591136,0.0343253015965058,-0.0973723969068628,0.0264055840068067,-0.0997232828834587,0.018425037155559,-0.102134864379978,0.0105362983816963,-0.105102460581615,0.00223769520150184,-0.106647847821353,-0.00615614356362721,-0.10742334281633,-0.0146331219631496,-0.106645216783948,-0.023238950338631,-0.105080250005245,-0.031736290673215,-0.102411650730626,-0.0403234565704509,-0.0983259862428524,-0.0491262612411893,-0.0943916149392937,-0.0574546381501155,-0.0893561349874257,-0.0648372580200432,-0.0824513883785843,-0.0720933664937074,-0.0749470009457982,-0.0792708494459327,-0.0675574336691576,-0.0863161251111191,-0.0598432855814541,-0.0921326292525926,-0.0511937195704344,-0.0957793379260893,-0.0415719712860271,-0.0976395210159056,-0.0314529074567177,-0.0996327847408042,-0.0218261713444584,-0.103036090280702,-0.013247430235066,-0.106538410789516,-0.00482161301740095,-0.111380868589324,0.00242150045384878,-0.117507969766227,0.00819579891156185,-0.121506179884526,0.0145071671420962,-0.120891032878867,0.0228907304221129,-0.119195253524192,0.0316906287442726,-0.119180147444804,0.0408160590461243,-0.117219474975579,0.0480355078746377,-0.112859774948289,0.0523085139643779,-0.107127089038463,0.0556351756949997,-0.102425074048297,0.0577248707337825,-0.0973074073187826,0.0609927246531121,-0.0925641066796544,0.0632529748551061,-0.0891792374184573,0.0647115394841988,-0.0858103129326084,0.0657362528505959,-0.0824298330919651,0.0654684346069006,-0.0786136056447583,0.0657944012139392,-0.0748257321231719,0.0660685260317622,-0.0703239852433694,0.0665752050916681,-0.0683912764054982,0.0699471866749568,-0.0678363941471497,0.0756548998459829,-0.0636572633451444,0.0801552258158147,-0.0552215470734125,0.080308980582164,-0.0435783720540216,0.0777906038903363,-0.0313194270320917,0.0770427130549878,-0.0201925295780162,0.0789319284594293,-0.0123399457705292,0.081801177796017,-0.00699253866877392,0.0853683352917506,-0.00170796725353608,0.0886113003914318,0.00380125772991201,0.0911067360454401,0.00985770493607875,0.090214191278091,0.0170853401330934,0.0866942938910855,0.0255168924631755,0.0809396817000123,0.0360487389078471,0.0767723050894868,0.0457758399559699,0.0742991591927036,0.053327449988493,0.0719174866707505,0.0588056404866763,0.0706986246256904,0.0635189875509395,0.0714395626128471,0.0688657791734443,0.0720180155637582,0.0764698528405786,0.0718934047249946,0.0858588494585361,0.0717910829384574,0.0933377705491826,0.0699555376764229,0.102312515004972,0.0680583519673063,0.109154158180113,0.0645065121290168
